{
  "protocol": "LORO",
  "model": "bilstm",
  "seed": 0,
  "aggregate_stats": {
    "macro_f1": {
      "mean": 0.7541027095570985,
      "std": 0.0
    },
    "falling_f1": {
      "mean": 0.7541027095570985,
      "std": 0.0
    },
    "ece": {
      "mean": 0.05809704958216451,
      "std": 0.0
    },
    "auprc_falling": {
      "mean": 0.9885127184099112,
      "std": 0.0
    },
    "epileptic_fall_f1": {
      "mean": 0.8699763593380615,
      "std": 0.0
    },
    "elderly_fall_f1": {
      "mean": 0.8551724137931034,
      "std": 0.0
    },
    "fall_cantgetup_f1": {
      "mean": 0.8873563218390805,
      "std": 0.0
    },
    "mutual_misclass": {
      "mean": 0.0,
      "std": 0.0
    }
  },
  "fold_results": [
    {
      "macro_f1": 0.7541027095570985,
      "f1_fall": 0.7541027095570985,
      "ece": 0.05809704958216451,
      "auprc": 0.9266502021782039,
      "cm": [
        [
          185,
          8,
          0,
          0,
          0,
          0,
          10,
          4
        ],
        [
          6,
          169,
          0,
          0,
          0,
          9,
          13,
          10
        ],
        [
          7,
          6,
          176,
          0,
          0,
          0,
          2,
          16
        ],
        [
          0,
          0,
          0,
          15,
          0,
          0,
          0,
          0
        ],
        [
          0,
          0,
          0,
          10,
          0,
          0,
          0,
          0
        ],
        [
          1,
          0,
          2,
          0,
          0,
          184,
          17,
          3
        ],
        [
          2,
          3,
          0,
          0,
          0,
          14,
          186,
          2
        ],
        [
          1,
          4,
          0,
          0,
          0,
          9,
          0,
          193
        ]
      ],
      "per_class_f1": [
        0.9046454767726162,
        0.8513853904282115,
        0.9142857142857144,
        0.7499999999999999,
        0.0,
        0.8699763593380615,
        0.8551724137931034,
        0.8873563218390805
      ],
      "falling_f1": 0.7541027095570985,
      "falling_auprc": 0.9885127184099112,
      "falling_cm": [
        [
          582,
          64
        ],
        [
          11,
          610
        ]
      ],
      "class_names": [
        "Normal_Walk",
        "Shaking",
        "Twitching",
        "Punching",
        "Kicking",
        "Epileptic_Fall",
        "Elderly_Fall",
        "Fall_CantGetUp"
      ]
    }
  ],
  "overlap_stat": {
    "mean": 0.12876105769013066,
    "std": 0.879047703555719,
    "pairs": [
      [
        0.0,
        1.0
      ],
      [
        0.0,
        2.0
      ],
      [
        0.0,
        3.0
      ],
      [
        0.0,
        4.0
      ],
      [
        0.0,
        5.0
      ],
      [
        0.0,
        6.0
      ],
      [
        0.0,
        7.0
      ],
      [
        1.0,
        2.0
      ],
      [
        1.0,
        3.0
      ],
      [
        1.0,
        4.0
      ],
      [
        1.0,
        5.0
      ],
      [
        1.0,
        6.0
      ],
      [
        1.0,
        7.0
      ],
      [
        2.0,
        3.0
      ],
      [
        2.0,
        4.0
      ],
      [
        2.0,
        5.0
      ],
      [
        2.0,
        6.0
      ],
      [
        2.0,
        7.0
      ],
      [
        3.0,
        4.0
      ],
      [
        3.0,
        5.0
      ],
      [
        3.0,
        6.0
      ],
      [
        3.0,
        7.0
      ],
      [
        4.0,
        5.0
      ],
      [
        4.0,
        6.0
      ],
      [
        4.0,
        7.0
      ],
      [
        5.0,
        6.0
      ],
      [
        5.0,
        7.0
      ],
      [
        6.0,
        7.0
      ]
    ],
    "values": [
      0.9358566407608415,
      0.8527201732251964,
      -0.9085452626432856,
      -0.9085454061503206,
      0.9359573014758831,
      0.9183998571295641,
      0.9140833423952148,
      0.854769754226214,
      -0.8810008097504456,
      -0.8810008097504456,
      0.9148355911860517,
      0.8908142096946512,
      0.9086163287040773,
      -0.8613440536954026,
      -0.8613438538065807,
      0.7908554581171845,
      0.6774024391139822,
      0.944225405262779,
      1.0000000972121965,
      -0.8993098020026439,
      -0.855707548280385,
      -0.8980794358536588,
      -0.8993096609170225,
      -0.8557076831180845,
      -0.8980791585138852,
      0.9481009959866955,
      0.9276332284592741,
      0.7990122768560132
    ]
  },
  "meta": {
    "run_id": "D3-LORO-V1-20250821-020216-9e217a8c",
    "phase": "D3",
    "exp": "LORO",
    "ver": "V1",
    "desc": "LORO cross-room evaluation with bilstm",
    "time_start": "2025-08-21T02:02:16",
    "args": {
      "model": "bilstm",
      "protocol": "loro",
      "seed": 0.0,
      "epochs": 100.0,
      "out": "results\\d3\\loro\\loro_bilstm_seed0.json",
      "resume": 0.0,
      "benchmark_path": "benchmarks\\WiFi-CSI-Sensing-Benchmark-main\\Data",
      "files_per_activity": 3.0,
      "output_dir": "results\\d3\\loro",
      "d2_model_path": "",
      "label_ratio": 1.0,
      "transfer_method": "fine_tune",
      "skip_synth_pretrain": 0.0,
      "lr": 0.001,
      "batch_size": 64.0,
      "class_weight": "inv_freq",
      "loso_all_folds": 0.0,
      "patience": 10.0,
      "min_epochs": 20.0,
      "loro_all_folds": 0.0,
      "positive_class": 5.0,
      "amp": 0.0,
      "input_norm": "zscore",
      "norm_eps": 1e-06,
      "source": "synth",
      "target": "real",
      "difficulty": "mid",
      "n_samples": 2000.0,
      "T": 128.0,
      "F": 30.0
    }
  }
}