{
  "protocol": "LORO",
  "model": "cnn",
  "seed": 1,
  "aggregate_stats": {
    "macro_f1": {
      "mean": 0.8401267798846013,
      "std": 0.0
    },
    "falling_f1": {
      "mean": 0.8401267798846013,
      "std": 0.0
    },
    "ece": {
      "mean": 0.005914304090844605,
      "std": 0.0
    },
    "auprc_falling": {
      "mean": 0.9994626554152585,
      "std": 0.0
    },
    "epileptic_fall_f1": {
      "mean": 0.9951456310679612,
      "std": 0.0
    },
    "elderly_fall_f1": {
      "mean": 0.9951923076923077,
      "std": 0.0
    },
    "fall_cantgetup_f1": {
      "mean": 0.9975786924939467,
      "std": 0.0
    },
    "mutual_misclass": {
      "mean": 0.0,
      "std": 0.0
    }
  },
  "fold_results": [
    {
      "macro_f1": 0.8401267798846013,
      "f1_fall": 0.8401267798846013,
      "ece": 0.005914304090844605,
      "auprc": 0.9965696019557148,
      "cm": [
        [
          207,
          0,
          0,
          0,
          0,
          0,
          0,
          0
        ],
        [
          1,
          205,
          1,
          0,
          0,
          0,
          0,
          0
        ],
        [
          0,
          1,
          206,
          0,
          0,
          0,
          0,
          0
        ],
        [
          0,
          0,
          0,
          15,
          0,
          0,
          0,
          0
        ],
        [
          0,
          0,
          0,
          10,
          0,
          0,
          0,
          0
        ],
        [
          0,
          1,
          0,
          0,
          0,
          205,
          1,
          0
        ],
        [
          0,
          0,
          0,
          0,
          0,
          0,
          207,
          0
        ],
        [
          0,
          0,
          0,
          0,
          0,
          0,
          1,
          206
        ]
      ],
      "per_class_f1": [
        0.9975903614457832,
        0.9903381642512077,
        0.9951690821256038,
        0.7499999999999999,
        0.0,
        0.9951456310679612,
        0.9951923076923077,
        0.9975786924939467
      ],
      "falling_f1": 0.8401267798846013,
      "falling_auprc": 0.9994626554152585,
      "falling_cm": [
        [
          646,
          0
        ],
        [
          1,
          620
        ]
      ],
      "class_names": [
        "Normal_Walk",
        "Shaking",
        "Twitching",
        "Punching",
        "Kicking",
        "Epileptic_Fall",
        "Elderly_Fall",
        "Fall_CantGetUp"
      ]
    }
  ],
  "overlap_stat": {
    "mean": 0.12128965965160148,
    "std": 0.45967464626454846,
    "pairs": [
      [
        0.0,
        1.0
      ],
      [
        0.0,
        2.0
      ],
      [
        0.0,
        3.0
      ],
      [
        0.0,
        4.0
      ],
      [
        0.0,
        5.0
      ],
      [
        0.0,
        6.0
      ],
      [
        0.0,
        7.0
      ],
      [
        1.0,
        2.0
      ],
      [
        1.0,
        3.0
      ],
      [
        1.0,
        4.0
      ],
      [
        1.0,
        5.0
      ],
      [
        1.0,
        6.0
      ],
      [
        1.0,
        7.0
      ],
      [
        2.0,
        3.0
      ],
      [
        2.0,
        4.0
      ],
      [
        2.0,
        5.0
      ],
      [
        2.0,
        6.0
      ],
      [
        2.0,
        7.0
      ],
      [
        3.0,
        4.0
      ],
      [
        3.0,
        5.0
      ],
      [
        3.0,
        6.0
      ],
      [
        3.0,
        7.0
      ],
      [
        4.0,
        5.0
      ],
      [
        4.0,
        6.0
      ],
      [
        4.0,
        7.0
      ],
      [
        5.0,
        6.0
      ],
      [
        5.0,
        7.0
      ],
      [
        6.0,
        7.0
      ]
    ],
    "values": [
      0.6729847053109991,
      0.8033139055262858,
      -0.24260576121043084,
      -0.24273607779003536,
      0.5067270914879326,
      0.2868623951263587,
      0.2533787268087803,
      0.45584478477080176,
      0.0900405268673056,
      0.08972354324523413,
      0.07477215605766058,
      0.01383939803887965,
      -0.020476602964340843,
      -0.43370181382370254,
      -0.43388197597783995,
      0.4503262723079784,
      0.37238808214087576,
      0.04557090921552595,
      0.999999082454627,
      -0.3160530386304374,
      -0.7431065437289937,
      -0.14225159777226826,
      -0.3164972277541466,
      -0.7431427928310086,
      -0.14173034498276305,
      0.7385878016807892,
      0.6493240464725923,
      0.6686108201981817
    ]
  },
  "meta": {
    "run_id": "D3-LORO-V1-20250821-015636-c6549de2",
    "phase": "D3",
    "exp": "LORO",
    "ver": "V1",
    "desc": "LORO cross-room evaluation with cnn",
    "time_start": "2025-08-21T01:56:36",
    "args": {
      "model": "cnn",
      "protocol": "loro",
      "seed": 1.0,
      "epochs": 100.0,
      "out": "results\\d3\\loro\\loro_cnn_seed1.json",
      "resume": 0.0,
      "benchmark_path": "benchmarks\\WiFi-CSI-Sensing-Benchmark-main\\Data",
      "files_per_activity": 3.0,
      "output_dir": "results\\d3\\loro",
      "d2_model_path": "",
      "label_ratio": 1.0,
      "transfer_method": "fine_tune",
      "skip_synth_pretrain": 0.0,
      "lr": 0.001,
      "batch_size": 64.0,
      "class_weight": "inv_freq",
      "loso_all_folds": 0.0,
      "patience": 10.0,
      "min_epochs": 20.0,
      "loro_all_folds": 0.0,
      "positive_class": 5.0,
      "amp": 0.0,
      "input_norm": "zscore",
      "norm_eps": 1e-06,
      "source": "synth",
      "target": "real",
      "difficulty": "mid",
      "n_samples": 2000.0,
      "T": 128.0,
      "F": 30.0
    }
  }
}