{
  "protocol": "LORO",
  "model": "enhanced",
  "seed": 4,
  "aggregate_stats": {
    "macro_f1": {
      "mean": 0.842540794244941,
      "std": 0.0
    },
    "falling_f1": {
      "mean": 0.842540794244941,
      "std": 0.0
    },
    "ece": {
      "mean": 0.004756131930528177,
      "std": 0.0
    },
    "auprc_falling": {
      "mean": 0.9999187460296355,
      "std": 0.0
    },
    "epileptic_fall_f1": {
      "mean": 0.9951456310679612,
      "std": 0.0
    },
    "elderly_fall_f1": {
      "mean": 0.9975903614457832,
      "std": 0.0
    },
    "fall_cantgetup_f1": {
      "mean": 1.0,
      "std": 0.0
    },
    "mutual_misclass": {
      "mean": 0.0,
      "std": 0.0
    }
  },
  "fold_results": [
    {
      "macro_f1": 0.842540794244941,
      "f1_fall": 0.842540794244941,
      "ece": 0.004756131930528177,
      "auprc": 0.9992319702117913,
      "cm": [
        [
          207,
          0,
          0,
          0,
          0,
          0,
          0,
          0
        ],
        [
          0,
          207,
          0,
          0,
          0,
          0,
          0,
          0
        ],
        [
          0,
          0,
          207,
          0,
          0,
          0,
          0,
          0
        ],
        [
          0,
          0,
          0,
          15,
          0,
          0,
          0,
          0
        ],
        [
          0,
          0,
          0,
          10,
          0,
          0,
          0,
          0
        ],
        [
          1,
          0,
          0,
          0,
          0,
          205,
          1,
          0
        ],
        [
          0,
          0,
          0,
          0,
          0,
          0,
          207,
          0
        ],
        [
          0,
          0,
          0,
          0,
          0,
          0,
          0,
          207
        ]
      ],
      "per_class_f1": [
        0.9975903614457832,
        1.0,
        1.0,
        0.7499999999999999,
        0.0,
        0.9951456310679612,
        0.9975903614457832,
        1.0
      ],
      "falling_f1": 0.842540794244941,
      "falling_auprc": 0.9999187460296355,
      "falling_cm": [
        [
          646,
          0
        ],
        [
          1,
          620
        ]
      ],
      "class_names": [
        "Normal_Walk",
        "Shaking",
        "Twitching",
        "Punching",
        "Kicking",
        "Epileptic_Fall",
        "Elderly_Fall",
        "Fall_CantGetUp"
      ]
    }
  ],
  "overlap_stat": {
    "mean": -0.12549580113787334,
    "std": 0.32666693550571363,
    "pairs": [
      [
        0.0,
        1.0
      ],
      [
        0.0,
        2.0
      ],
      [
        0.0,
        3.0
      ],
      [
        0.0,
        4.0
      ],
      [
        0.0,
        5.0
      ],
      [
        0.0,
        6.0
      ],
      [
        0.0,
        7.0
      ],
      [
        1.0,
        2.0
      ],
      [
        1.0,
        3.0
      ],
      [
        1.0,
        4.0
      ],
      [
        1.0,
        5.0
      ],
      [
        1.0,
        6.0
      ],
      [
        1.0,
        7.0
      ],
      [
        2.0,
        3.0
      ],
      [
        2.0,
        4.0
      ],
      [
        2.0,
        5.0
      ],
      [
        2.0,
        6.0
      ],
      [
        2.0,
        7.0
      ],
      [
        3.0,
        4.0
      ],
      [
        3.0,
        5.0
      ],
      [
        3.0,
        6.0
      ],
      [
        3.0,
        7.0
      ],
      [
        4.0,
        5.0
      ],
      [
        4.0,
        6.0
      ],
      [
        4.0,
        7.0
      ],
      [
        5.0,
        6.0
      ],
      [
        5.0,
        7.0
      ],
      [
        6.0,
        7.0
      ]
    ],
    "values": [
      0.1948780232931356,
      -0.3811691531050542,
      -0.2354801530429699,
      -0.23550097310285806,
      -0.5274725152071859,
      -0.34092259429018357,
      0.3401272246289944,
      -0.18587359177744742,
      -0.44868014492240843,
      -0.44867433682880087,
      -0.27454529593077,
      -0.484351677202884,
      -0.0750720966704528,
      -0.2703899288400854,
      -0.27036384997632307,
      0.3468284665360314,
      0.03201217808873791,
      -0.3951223960113597,
      0.9999999999128072,
      -0.318822822163199,
      0.15606021350802038,
      -0.054116842158726156,
      -0.31882009083100954,
      0.15605871495847068,
      -0.054131474340847675,
      0.1423396070755396,
      -0.3579031615142233,
      -0.20477376194540198
    ]
  },
  "meta": {
    "run_id": "D3-LORO-V1-20250821-014916-199f4607",
    "phase": "D3",
    "exp": "LORO",
    "ver": "V1",
    "desc": "LORO cross-room evaluation with enhanced",
    "time_start": "2025-08-21T01:49:16",
    "args": {
      "model": "enhanced",
      "protocol": "loro",
      "seed": 4.0,
      "epochs": 100.0,
      "out": "results\\d3\\loro\\loro_enhanced_seed4.json",
      "resume": 0.0,
      "benchmark_path": "benchmarks\\WiFi-CSI-Sensing-Benchmark-main\\Data",
      "files_per_activity": 3.0,
      "output_dir": "results\\d3\\loro",
      "d2_model_path": "",
      "label_ratio": 1.0,
      "transfer_method": "fine_tune",
      "skip_synth_pretrain": 0.0,
      "lr": 0.001,
      "batch_size": 64.0,
      "class_weight": "inv_freq",
      "loso_all_folds": 0.0,
      "patience": 10.0,
      "min_epochs": 20.0,
      "loro_all_folds": 0.0,
      "positive_class": 5.0,
      "amp": 0.0,
      "input_norm": "zscore",
      "norm_eps": 1e-06,
      "source": "synth",
      "target": "real",
      "difficulty": "mid",
      "n_samples": 2000.0,
      "T": 128.0,
      "F": 30.0
    }
  }
}