{
  "protocol": "LORO",
  "model": "conformer_lite",
  "seed": 1,
  "aggregate_stats": {
    "macro_f1": {
      "mean": 0.8194827626171917,
      "std": 0.0
    },
    "falling_f1": {
      "mean": 0.8194827626171917,
      "std": 0.0
    },
    "ece": {
      "mean": 0.012487370947165658,
      "std": 0.0
    },
    "auprc_falling": {
      "mean": 0.9998265567024236,
      "std": 0.0
    },
    "epileptic_fall_f1": {
      "mean": 0.9716981132075471,
      "std": 0.0
    },
    "elderly_fall_f1": {
      "mean": 0.9447236180904524,
      "std": 0.0
    },
    "fall_cantgetup_f1": {
      "mean": 0.9605568445475638,
      "std": 0.0
    },
    "mutual_misclass": {
      "mean": 0.0,
      "std": 0.0
    }
  },
  "fold_results": [
    {
      "macro_f1": 0.8194827626171917,
      "f1_fall": 0.8194827626171917,
      "ece": 0.012487370947165658,
      "auprc": 0.9981276580855589,
      "cm": [
        [
          207,
          0,
          0,
          0,
          0,
          0,
          0,
          0
        ],
        [
          6,
          200,
          1,
          0,
          0,
          0,
          0,
          0
        ],
        [
          0,
          2,
          194,
          0,
          0,
          4,
          3,
          4
        ],
        [
          0,
          0,
          0,
          15,
          0,
          0,
          0,
          0
        ],
        [
          0,
          0,
          0,
          10,
          0,
          0,
          0,
          0
        ],
        [
          0,
          0,
          0,
          0,
          0,
          206,
          0,
          1
        ],
        [
          0,
          0,
          0,
          0,
          0,
          7,
          188,
          12
        ],
        [
          0,
          0,
          0,
          0,
          0,
          0,
          0,
          207
        ]
      ],
      "per_class_f1": [
        0.9857142857142858,
        0.9779951100244499,
        0.9651741293532338,
        0.7499999999999999,
        0.0,
        0.9716981132075471,
        0.9447236180904524,
        0.9605568445475638
      ],
      "falling_f1": 0.8194827626171917,
      "falling_auprc": 0.9998265567024236,
      "falling_cm": [
        [
          635,
          11
        ],
        [
          0,
          621
        ]
      ],
      "class_names": [
        "Normal_Walk",
        "Shaking",
        "Twitching",
        "Punching",
        "Kicking",
        "Epileptic_Fall",
        "Elderly_Fall",
        "Fall_CantGetUp"
      ]
    }
  ],
  "overlap_stat": {
    "mean": -0.0955971959594967,
    "std": 0.3217526168881744,
    "pairs": [
      [
        0.0,
        1.0
      ],
      [
        0.0,
        2.0
      ],
      [
        0.0,
        3.0
      ],
      [
        0.0,
        4.0
      ],
      [
        0.0,
        5.0
      ],
      [
        0.0,
        6.0
      ],
      [
        0.0,
        7.0
      ],
      [
        1.0,
        2.0
      ],
      [
        1.0,
        3.0
      ],
      [
        1.0,
        4.0
      ],
      [
        1.0,
        5.0
      ],
      [
        1.0,
        6.0
      ],
      [
        1.0,
        7.0
      ],
      [
        2.0,
        3.0
      ],
      [
        2.0,
        4.0
      ],
      [
        2.0,
        5.0
      ],
      [
        2.0,
        6.0
      ],
      [
        2.0,
        7.0
      ],
      [
        3.0,
        4.0
      ],
      [
        3.0,
        5.0
      ],
      [
        3.0,
        6.0
      ],
      [
        3.0,
        7.0
      ],
      [
        4.0,
        5.0
      ],
      [
        4.0,
        6.0
      ],
      [
        4.0,
        7.0
      ],
      [
        5.0,
        6.0
      ],
      [
        5.0,
        7.0
      ],
      [
        6.0,
        7.0
      ]
    ],
    "values": [
      0.28631276543704387,
      -0.06538367697662302,
      -0.15118448335443227,
      -0.15296007065204717,
      -0.23211631130518506,
      -0.724944809483012,
      -0.4517348824871758,
      -0.004431248435070383,
      -0.13867512722472974,
      -0.14166042028945802,
      0.10132390890673548,
      -0.5291318496540396,
      -0.07347409109385938,
      -0.14974022937938314,
      -0.1497575834592975,
      0.014922932743470804,
      -0.19098725464466682,
      -0.271445860969345,
      0.9999859552524177,
      -0.33309367332396184,
      -0.2828789903105965,
      -0.1785446344308494,
      -0.33317694835647965,
      -0.28156710305270466,
      -0.1745862367287392,
      0.22738752199507772,
      0.4009577518570572,
      0.30386316255394596
    ]
  },
  "meta": {
    "run_id": "D3-LORO-V1-20250821-022838-5b224c87",
    "phase": "D3",
    "exp": "LORO",
    "ver": "V1",
    "desc": "LORO cross-room evaluation with conformer_lite",
    "time_start": "2025-08-21T02:28:38",
    "args": {
      "model": "conformer_lite",
      "protocol": "loro",
      "seed": 1.0,
      "epochs": 100.0,
      "out": "results\\d3\\loro\\loro_conformer_lite_seed1.json",
      "resume": 0.0,
      "benchmark_path": "benchmarks\\WiFi-CSI-Sensing-Benchmark-main\\Data",
      "files_per_activity": 3.0,
      "output_dir": "results\\d3\\loro",
      "d2_model_path": "",
      "label_ratio": 1.0,
      "transfer_method": "fine_tune",
      "skip_synth_pretrain": 0.0,
      "lr": 0.001,
      "batch_size": 64.0,
      "class_weight": "inv_freq",
      "loso_all_folds": 0.0,
      "patience": 10.0,
      "min_epochs": 20.0,
      "loro_all_folds": 0.0,
      "positive_class": 5.0,
      "amp": 0.0,
      "input_norm": "zscore",
      "norm_eps": 1e-06,
      "source": "synth",
      "target": "real",
      "difficulty": "mid",
      "n_samples": 2000.0,
      "T": 128.0,
      "F": 30.0
    }
  }
}