{
  "protocol": "LORO",
  "model": "cnn",
  "seed": 2,
  "aggregate_stats": {
    "macro_f1": {
      "mean": 0.8395243702460471,
      "std": 0.0
    },
    "falling_f1": {
      "mean": 0.8395243702460471,
      "std": 0.0
    },
    "ece": {
      "mean": 0.003702091860225496,
      "std": 0.0
    },
    "auprc_falling": {
      "mean": 0.9999948179983897,
      "std": 0.0
    },
    "epileptic_fall_f1": {
      "mean": 0.9903381642512077,
      "std": 0.0
    },
    "elderly_fall_f1": {
      "mean": 0.9927710843373494,
      "std": 0.0
    },
    "fall_cantgetup_f1": {
      "mean": 0.9975786924939467,
      "std": 0.0
    },
    "mutual_misclass": {
      "mean": 0.0,
      "std": 0.0
    }
  },
  "fold_results": [
    {
      "macro_f1": 0.8395243702460471,
      "f1_fall": 0.8395243702460471,
      "ece": 0.003702091860225496,
      "auprc": 0.9996359967912507,
      "cm": [
        [
          207,
          0,
          0,
          0,
          0,
          0,
          0,
          0
        ],
        [
          1,
          206,
          0,
          0,
          0,
          0,
          0,
          0
        ],
        [
          1,
          0,
          205,
          0,
          0,
          1,
          0,
          0
        ],
        [
          0,
          0,
          0,
          15,
          0,
          0,
          0,
          0
        ],
        [
          0,
          0,
          0,
          10,
          0,
          0,
          0,
          0
        ],
        [
          0,
          1,
          0,
          0,
          0,
          205,
          1,
          0
        ],
        [
          0,
          0,
          0,
          0,
          0,
          1,
          206,
          0
        ],
        [
          0,
          0,
          0,
          0,
          0,
          0,
          1,
          206
        ]
      ],
      "per_class_f1": [
        0.9951923076923077,
        0.9951690821256038,
        0.9951456310679612,
        0.7499999999999999,
        0.0,
        0.9903381642512077,
        0.9927710843373494,
        0.9975786924939467
      ],
      "falling_f1": 0.8395243702460471,
      "falling_auprc": 0.9999948179983897,
      "falling_cm": [
        [
          645,
          1
        ],
        [
          1,
          620
        ]
      ],
      "class_names": [
        "Normal_Walk",
        "Shaking",
        "Twitching",
        "Punching",
        "Kicking",
        "Epileptic_Fall",
        "Elderly_Fall",
        "Fall_CantGetUp"
      ]
    }
  ],
  "overlap_stat": {
    "mean": 0.19947777997739324,
    "std": 0.5955917273952424,
    "pairs": [
      [
        0.0,
        1.0
      ],
      [
        0.0,
        2.0
      ],
      [
        0.0,
        3.0
      ],
      [
        0.0,
        4.0
      ],
      [
        0.0,
        5.0
      ],
      [
        0.0,
        6.0
      ],
      [
        0.0,
        7.0
      ],
      [
        1.0,
        2.0
      ],
      [
        1.0,
        3.0
      ],
      [
        1.0,
        4.0
      ],
      [
        1.0,
        5.0
      ],
      [
        1.0,
        6.0
      ],
      [
        1.0,
        7.0
      ],
      [
        2.0,
        3.0
      ],
      [
        2.0,
        4.0
      ],
      [
        2.0,
        5.0
      ],
      [
        2.0,
        6.0
      ],
      [
        2.0,
        7.0
      ],
      [
        3.0,
        4.0
      ],
      [
        3.0,
        5.0
      ],
      [
        3.0,
        6.0
      ],
      [
        3.0,
        7.0
      ],
      [
        4.0,
        5.0
      ],
      [
        4.0,
        6.0
      ],
      [
        4.0,
        7.0
      ],
      [
        5.0,
        6.0
      ],
      [
        5.0,
        7.0
      ],
      [
        6.0,
        7.0
      ]
    ],
    "values": [
      0.8209846691879443,
      0.7484020824229686,
      -0.5239071923039441,
      -0.5233656377298139,
      0.70705413630672,
      0.5279572673199588,
      0.6594975664345262,
      0.7169163216149598,
      -0.36357874064741846,
      -0.36287680678357415,
      0.43858389570700185,
      0.4581699910113395,
      0.5833512080985442,
      -0.48758061588497736,
      -0.48760760507593204,
      0.6365093018757806,
      0.7923676533435248,
      0.6666863356353483,
      0.9999983900726318,
      -0.5011009157569613,
      -0.5470409408036027,
      -0.4216517356702263,
      -0.501593239266913,
      -0.5474240724080081,
      -0.4216741838951324,
      0.7811555814971237,
      0.8890726138710879,
      0.8480725111940548
    ]
  },
  "meta": {
    "run_id": "D3-LORO-V1-20250821-015821-f6524fb4",
    "phase": "D3",
    "exp": "LORO",
    "ver": "V1",
    "desc": "LORO cross-room evaluation with cnn",
    "time_start": "2025-08-21T01:58:21",
    "args": {
      "model": "cnn",
      "protocol": "loro",
      "seed": 2.0,
      "epochs": 100.0,
      "out": "results\\d3\\loro\\loro_cnn_seed2.json",
      "resume": 0.0,
      "benchmark_path": "benchmarks\\WiFi-CSI-Sensing-Benchmark-main\\Data",
      "files_per_activity": 3.0,
      "output_dir": "results\\d3\\loro",
      "d2_model_path": "",
      "label_ratio": 1.0,
      "transfer_method": "fine_tune",
      "skip_synth_pretrain": 0.0,
      "lr": 0.001,
      "batch_size": 64.0,
      "class_weight": "inv_freq",
      "loso_all_folds": 0.0,
      "patience": 10.0,
      "min_epochs": 20.0,
      "loro_all_folds": 0.0,
      "positive_class": 5.0,
      "amp": 0.0,
      "input_norm": "zscore",
      "norm_eps": 1e-06,
      "source": "synth",
      "target": "real",
      "difficulty": "mid",
      "n_samples": 2000.0,
      "T": 128.0,
      "F": 30.0
    }
  }
}