{
  "protocol": "LORO",
  "model": "bilstm",
  "seed": 4,
  "aggregate_stats": {
    "macro_f1": {
      "mean": 0.8153500143882908,
      "std": 0.0
    },
    "falling_f1": {
      "mean": 0.8153500143882908,
      "std": 0.0
    },
    "ece": {
      "mean": 0.014584719076246928,
      "std": 0.0
    },
    "auprc_falling": {
      "mean": 0.9961200031755012,
      "std": 0.0
    },
    "epileptic_fall_f1": {
      "mean": 0.9633251833740831,
      "std": 0.0
    },
    "elderly_fall_f1": {
      "mean": 0.9631449631449631,
      "std": 0.0
    },
    "fall_cantgetup_f1": {
      "mean": 0.9594272076372315,
      "std": 0.0
    },
    "mutual_misclass": {
      "mean": 0.0,
      "std": 0.0
    }
  },
  "fold_results": [
    {
      "macro_f1": 0.8153500143882908,
      "f1_fall": 0.8153500143882908,
      "ece": 0.014584719076246928,
      "auprc": 0.986425457854006,
      "cm": [
        [
          206,
          1,
          0,
          0,
          0,
          0,
          0,
          0
        ],
        [
          2,
          197,
          1,
          0,
          0,
          1,
          0,
          6
        ],
        [
          4,
          4,
          198,
          0,
          0,
          0,
          0,
          1
        ],
        [
          0,
          0,
          0,
          15,
          0,
          0,
          0,
          0
        ],
        [
          0,
          0,
          0,
          10,
          0,
          0,
          0,
          0
        ],
        [
          0,
          1,
          3,
          0,
          0,
          197,
          3,
          3
        ],
        [
          1,
          6,
          1,
          0,
          0,
          2,
          196,
          1
        ],
        [
          1,
          0,
          2,
          0,
          0,
          2,
          1,
          201
        ]
      ],
      "per_class_f1": [
        0.9786223277909739,
        0.9471153846153847,
        0.9611650485436893,
        0.7499999999999999,
        0.0,
        0.9633251833740831,
        0.9631449631449631,
        0.9594272076372315
      ],
      "falling_f1": 0.8153500143882908,
      "falling_auprc": 0.9961200031755012,
      "falling_cm": [
        [
          638,
          8
        ],
        [
          16,
          605
        ]
      ],
      "class_names": [
        "Normal_Walk",
        "Shaking",
        "Twitching",
        "Punching",
        "Kicking",
        "Epileptic_Fall",
        "Elderly_Fall",
        "Fall_CantGetUp"
      ]
    }
  ],
  "overlap_stat": {
    "mean": 0.0339085861977098,
    "std": 0.6912549750582067,
    "pairs": [
      [
        0.0,
        1.0
      ],
      [
        0.0,
        2.0
      ],
      [
        0.0,
        3.0
      ],
      [
        0.0,
        4.0
      ],
      [
        0.0,
        5.0
      ],
      [
        0.0,
        6.0
      ],
      [
        0.0,
        7.0
      ],
      [
        1.0,
        2.0
      ],
      [
        1.0,
        3.0
      ],
      [
        1.0,
        4.0
      ],
      [
        1.0,
        5.0
      ],
      [
        1.0,
        6.0
      ],
      [
        1.0,
        7.0
      ],
      [
        2.0,
        3.0
      ],
      [
        2.0,
        4.0
      ],
      [
        2.0,
        5.0
      ],
      [
        2.0,
        6.0
      ],
      [
        2.0,
        7.0
      ],
      [
        3.0,
        4.0
      ],
      [
        3.0,
        5.0
      ],
      [
        3.0,
        6.0
      ],
      [
        3.0,
        7.0
      ],
      [
        4.0,
        5.0
      ],
      [
        4.0,
        6.0
      ],
      [
        4.0,
        7.0
      ],
      [
        5.0,
        6.0
      ],
      [
        5.0,
        7.0
      ],
      [
        6.0,
        7.0
      ]
    ],
    "values": [
      0.6234240558051585,
      0.6135291691524197,
      -0.6780357763740426,
      -0.6780369289789197,
      0.5035256986857134,
      0.7423009546705074,
      0.4946773815738034,
      0.7402451344341897,
      -0.8139795750287466,
      -0.8139816140428363,
      0.5853007097958611,
      0.6485221527891318,
      0.7605014528388364,
      -0.7500262367010092,
      -0.7500300127704468,
      0.39101678180513744,
      0.42358364687951067,
      0.7280944053418439,
      1.0000001950698203,
      -0.752821198927031,
      -0.6933041746520783,
      -0.823423910039229,
      -0.7528167300059778,
      -0.6933013450570232,
      -0.8234268158101122,
      0.6610307870595108,
      0.6494284113831883,
      0.40744379463869423
    ]
  },
  "meta": {
    "run_id": "D3-LORO-V1-20250821-021635-b692c81b",
    "phase": "D3",
    "exp": "LORO",
    "ver": "V1",
    "desc": "LORO cross-room evaluation with bilstm",
    "time_start": "2025-08-21T02:16:35",
    "args": {
      "model": "bilstm",
      "protocol": "loro",
      "seed": 4.0,
      "epochs": 100.0,
      "out": "results\\d3\\loro\\loro_bilstm_seed4.json",
      "resume": 0.0,
      "benchmark_path": "benchmarks\\WiFi-CSI-Sensing-Benchmark-main\\Data",
      "files_per_activity": 3.0,
      "output_dir": "results\\d3\\loro",
      "d2_model_path": "",
      "label_ratio": 1.0,
      "transfer_method": "fine_tune",
      "skip_synth_pretrain": 0.0,
      "lr": 0.001,
      "batch_size": 64.0,
      "class_weight": "inv_freq",
      "loso_all_folds": 0.0,
      "patience": 10.0,
      "min_epochs": 20.0,
      "loro_all_folds": 0.0,
      "positive_class": 5.0,
      "amp": 0.0,
      "input_norm": "zscore",
      "norm_eps": 1e-06,
      "source": "synth",
      "target": "real",
      "difficulty": "mid",
      "n_samples": 2000.0,
      "T": 128.0,
      "F": 30.0
    }
  }
}