{
  "protocol": "LORO",
  "model": "conformer_lite",
  "seed": 0,
  "aggregate_stats": {
    "macro_f1": {
      "mean": 0.8328873726539459,
      "std": 0.0
    },
    "falling_f1": {
      "mean": 0.8328873726539459,
      "std": 0.0
    },
    "ece": {
      "mean": 0.010212252270827265,
      "std": 0.0
    },
    "auprc_falling": {
      "mean": 0.9999325469611087,
      "std": 0.0
    },
    "epileptic_fall_f1": {
      "mean": 0.9880668257756563,
      "std": 0.0
    },
    "elderly_fall_f1": {
      "mean": 0.973747016706444,
      "std": 0.0
    },
    "fall_cantgetup_f1": {
      "mean": 0.9927360774818401,
      "std": 0.0
    },
    "mutual_misclass": {
      "mean": 0.0,
      "std": 0.0
    }
  },
  "fold_results": [
    {
      "macro_f1": 0.8328873726539459,
      "f1_fall": 0.8328873726539459,
      "ece": 0.010212252270827265,
      "auprc": 0.9996770914251399,
      "cm": [
        [
          206,
          0,
          0,
          0,
          0,
          0,
          1,
          0
        ],
        [
          4,
          203,
          0,
          0,
          0,
          0,
          0,
          0
        ],
        [
          0,
          0,
          199,
          0,
          0,
          1,
          7,
          0
        ],
        [
          0,
          0,
          0,
          15,
          0,
          0,
          0,
          0
        ],
        [
          0,
          0,
          0,
          10,
          0,
          0,
          0,
          0
        ],
        [
          0,
          0,
          0,
          0,
          0,
          207,
          0,
          0
        ],
        [
          0,
          0,
          0,
          0,
          0,
          2,
          204,
          1
        ],
        [
          0,
          0,
          0,
          0,
          0,
          2,
          0,
          205
        ]
      ],
      "per_class_f1": [
        0.988009592326139,
        0.9902439024390245,
        0.9802955665024631,
        0.7499999999999999,
        0.0,
        0.9880668257756563,
        0.973747016706444,
        0.9927360774818401
      ],
      "falling_f1": 0.8328873726539459,
      "falling_auprc": 0.9999325469611087,
      "falling_cm": [
        [
          634,
          12
        ],
        [
          0,
          621
        ]
      ],
      "class_names": [
        "Normal_Walk",
        "Shaking",
        "Twitching",
        "Punching",
        "Kicking",
        "Epileptic_Fall",
        "Elderly_Fall",
        "Fall_CantGetUp"
      ]
    }
  ],
  "overlap_stat": {
    "mean": 0.06361016273569449,
    "std": 0.3898218694329071,
    "pairs": [
      [
        0.0,
        1.0
      ],
      [
        0.0,
        2.0
      ],
      [
        0.0,
        3.0
      ],
      [
        0.0,
        4.0
      ],
      [
        0.0,
        5.0
      ],
      [
        0.0,
        6.0
      ],
      [
        0.0,
        7.0
      ],
      [
        1.0,
        2.0
      ],
      [
        1.0,
        3.0
      ],
      [
        1.0,
        4.0
      ],
      [
        1.0,
        5.0
      ],
      [
        1.0,
        6.0
      ],
      [
        1.0,
        7.0
      ],
      [
        2.0,
        3.0
      ],
      [
        2.0,
        4.0
      ],
      [
        2.0,
        5.0
      ],
      [
        2.0,
        6.0
      ],
      [
        2.0,
        7.0
      ],
      [
        3.0,
        4.0
      ],
      [
        3.0,
        5.0
      ],
      [
        3.0,
        6.0
      ],
      [
        3.0,
        7.0
      ],
      [
        4.0,
        5.0
      ],
      [
        4.0,
        6.0
      ],
      [
        4.0,
        7.0
      ],
      [
        5.0,
        6.0
      ],
      [
        5.0,
        7.0
      ],
      [
        6.0,
        7.0
      ]
    ],
    "values": [
      0.593247626371123,
      0.44068793019377916,
      -0.08571891411012925,
      -0.08167895606655812,
      0.29134077309311324,
      -0.006514393822463822,
      0.18662701736022708,
      0.3806960787317606,
      0.14835941911644088,
      0.1520778715037305,
      0.2908517484535686,
      0.40337770398664513,
      0.12875968424862816,
      -0.37662641232663524,
      -0.37487705077332667,
      -0.026311393138214244,
      0.3342096455666389,
      0.1439559292026764,
      0.9999902800210083,
      -0.7043098428908798,
      -0.4550692865153641,
      -0.1955458606358338,
      -0.7026083007385135,
      -0.45422157795272644,
      -0.19429606665504376,
      0.48149401606186487,
      0.21362182901506477,
      0.24956505929886444
    ]
  },
  "meta": {
    "run_id": "D3-LORO-V1-20250821-022100-cbfee68f",
    "phase": "D3",
    "exp": "LORO",
    "ver": "V1",
    "desc": "LORO cross-room evaluation with conformer_lite",
    "time_start": "2025-08-21T02:21:00",
    "args": {
      "model": "conformer_lite",
      "protocol": "loro",
      "seed": 0.0,
      "epochs": 100.0,
      "out": "results\\d3\\loro\\loro_conformer_lite_seed0.json",
      "resume": 0.0,
      "benchmark_path": "benchmarks\\WiFi-CSI-Sensing-Benchmark-main\\Data",
      "files_per_activity": 3.0,
      "output_dir": "results\\d3\\loro",
      "d2_model_path": "",
      "label_ratio": 1.0,
      "transfer_method": "fine_tune",
      "skip_synth_pretrain": 0.0,
      "lr": 0.001,
      "batch_size": 64.0,
      "class_weight": "inv_freq",
      "loso_all_folds": 0.0,
      "patience": 10.0,
      "min_epochs": 20.0,
      "loro_all_folds": 0.0,
      "positive_class": 5.0,
      "amp": 0.0,
      "input_norm": "zscore",
      "norm_eps": 1e-06,
      "source": "synth",
      "target": "real",
      "difficulty": "mid",
      "n_samples": 2000.0,
      "T": 128.0,
      "F": 30.0
    }
  }
}