{
  "protocol": "LORO",
  "model": "enhanced",
  "seed": 0,
  "aggregate_stats": {
    "macro_f1": {
      "mean": 0.8413359785931919,
      "std": 0.0
    },
    "falling_f1": {
      "mean": 0.8413359785931919,
      "std": 0.0
    },
    "ece": {
      "mean": 0.0045683286090300226,
      "std": 0.0
    },
    "auprc_falling": {
      "mean": 0.9999871009565892,
      "std": 0.0
    },
    "epileptic_fall_f1": {
      "mean": 0.9975903614457832,
      "std": 0.0
    },
    "elderly_fall_f1": {
      "mean": 0.9975786924939467,
      "std": 0.0
    },
    "fall_cantgetup_f1": {
      "mean": 0.9975786924939467,
      "std": 0.0
    },
    "mutual_misclass": {
      "mean": 0.0,
      "std": 0.0
    }
  },
  "fold_results": [
    {
      "macro_f1": 0.8413359785931919,
      "f1_fall": 0.8413359785931919,
      "ece": 0.0045683286090300226,
      "auprc": 1.0,
      "cm": [
        [
          207,
          0,
          0,
          0,
          0,
          0,
          0,
          0
        ],
        [
          0,
          206,
          0,
          0,
          0,
          1,
          0,
          0
        ],
        [
          1,
          0,
          206,
          0,
          0,
          0,
          0,
          0
        ],
        [
          0,
          0,
          0,
          15,
          0,
          0,
          0,
          0
        ],
        [
          0,
          0,
          0,
          10,
          0,
          0,
          0,
          0
        ],
        [
          0,
          0,
          0,
          0,
          0,
          207,
          0,
          0
        ],
        [
          1,
          0,
          0,
          0,
          0,
          0,
          206,
          0
        ],
        [
          0,
          0,
          1,
          0,
          0,
          0,
          0,
          206
        ]
      ],
      "per_class_f1": [
        0.9951923076923077,
        0.9975786924939467,
        0.9951690821256038,
        0.7499999999999999,
        0.0,
        0.9975903614457832,
        0.9975786924939467,
        0.9975786924939467
      ],
      "falling_f1": 0.8413359785931919,
      "falling_auprc": 0.9999871009565892,
      "falling_cm": [
        [
          645,
          1
        ],
        [
          1,
          620
        ]
      ],
      "class_names": [
        "Normal_Walk",
        "Shaking",
        "Twitching",
        "Punching",
        "Kicking",
        "Epileptic_Fall",
        "Elderly_Fall",
        "Fall_CantGetUp"
      ]
    }
  ],
  "overlap_stat": {
    "mean": -0.09286918446030877,
    "std": 0.3762146227663245,
    "pairs": [
      [
        0.0,
        1.0
      ],
      [
        0.0,
        2.0
      ],
      [
        0.0,
        3.0
      ],
      [
        0.0,
        4.0
      ],
      [
        0.0,
        5.0
      ],
      [
        0.0,
        6.0
      ],
      [
        0.0,
        7.0
      ],
      [
        1.0,
        2.0
      ],
      [
        1.0,
        3.0
      ],
      [
        1.0,
        4.0
      ],
      [
        1.0,
        5.0
      ],
      [
        1.0,
        6.0
      ],
      [
        1.0,
        7.0
      ],
      [
        2.0,
        3.0
      ],
      [
        2.0,
        4.0
      ],
      [
        2.0,
        5.0
      ],
      [
        2.0,
        6.0
      ],
      [
        2.0,
        7.0
      ],
      [
        3.0,
        4.0
      ],
      [
        3.0,
        5.0
      ],
      [
        3.0,
        6.0
      ],
      [
        3.0,
        7.0
      ],
      [
        4.0,
        5.0
      ],
      [
        4.0,
        6.0
      ],
      [
        4.0,
        7.0
      ],
      [
        5.0,
        6.0
      ],
      [
        5.0,
        7.0
      ],
      [
        6.0,
        7.0
      ]
    ],
    "values": [
      0.02203190658967547,
      0.1896973911503761,
      -0.5768318536961314,
      -0.5768392032492898,
      -0.47131190203877166,
      0.39321333420148136,
      -0.060844816523000604,
      0.14233140317004925,
      -0.08027829445739974,
      -0.08026375892815231,
      -0.3397869964618319,
      -0.3491786200788605,
      -0.7167940532396503,
      -0.35353223949028895,
      -0.35353824058022143,
      -0.12763272439318726,
      0.36565706665477865,
      0.25918601721841594,
      0.9999999999188917,
      -0.06590623978505764,
      -0.3022400506631294,
      -0.1164488714062286,
      -0.0659050614253822,
      -0.3022493634008368,
      -0.11646175458300782,
      -0.5521289256398714,
      0.04837813188829375,
      0.5873405543596925
    ]
  },
  "meta": {
    "run_id": "D3-LORO-V1-20250821-010856-3d8dce5b",
    "phase": "D3",
    "exp": "LORO",
    "ver": "V1",
    "desc": "LORO cross-room evaluation with enhanced",
    "time_start": "2025-08-21T01:08:56",
    "args": {
      "model": "enhanced",
      "protocol": "loro",
      "seed": 0.0,
      "epochs": 100.0,
      "out": "results\\d3\\loro\\loro_enhanced_seed0.json",
      "resume": 0.0,
      "benchmark_path": "benchmarks\\WiFi-CSI-Sensing-Benchmark-main\\Data",
      "files_per_activity": 3.0,
      "output_dir": "results\\d3\\loro",
      "d2_model_path": "",
      "label_ratio": 1.0,
      "transfer_method": "fine_tune",
      "skip_synth_pretrain": 0.0,
      "lr": 0.001,
      "batch_size": 64.0,
      "class_weight": "inv_freq",
      "loso_all_folds": 0.0,
      "patience": 10.0,
      "min_epochs": 20.0,
      "loro_all_folds": 0.0,
      "positive_class": 5.0,
      "amp": 0.0,
      "input_norm": "zscore",
      "norm_eps": 1e-06,
      "source": "synth",
      "target": "real",
      "difficulty": "mid",
      "n_samples": 2000.0,
      "T": 128.0,
      "F": 30.0
    }
  }
}