{
  "protocol": "LORO",
  "model": "cnn",
  "seed": 3,
  "aggregate_stats": {
    "macro_f1": {
      "mean": 0.8389175320527702,
      "std": 0.0
    },
    "falling_f1": {
      "mean": 0.8389175320527702,
      "std": 0.0
    },
    "ece": {
      "mean": 0.007575488927896865,
      "std": 0.0
    },
    "auprc_falling": {
      "mean": 0.9999793838490224,
      "std": 0.0
    },
    "epileptic_fall_f1": {
      "mean": 0.9902912621359223,
      "std": 0.0
    },
    "elderly_fall_f1": {
      "mean": 0.9903381642512077,
      "std": 0.0
    },
    "fall_cantgetup_f1": {
      "mean": 0.9951690821256038,
      "std": 0.0
    },
    "mutual_misclass": {
      "mean": 0.0,
      "std": 0.0
    }
  },
  "fold_results": [
    {
      "macro_f1": 0.8389175320527702,
      "f1_fall": 0.8389175320527702,
      "ece": 0.007575488927896865,
      "auprc": 0.9989765310684241,
      "cm": [
        [
          207,
          0,
          0,
          0,
          0,
          0,
          0,
          0
        ],
        [
          1,
          205,
          1,
          0,
          0,
          0,
          0,
          0
        ],
        [
          0,
          0,
          207,
          0,
          0,
          0,
          0,
          0
        ],
        [
          0,
          0,
          0,
          15,
          0,
          0,
          0,
          0
        ],
        [
          0,
          0,
          0,
          10,
          0,
          0,
          0,
          0
        ],
        [
          0,
          0,
          2,
          0,
          0,
          204,
          1,
          0
        ],
        [
          0,
          0,
          0,
          0,
          0,
          1,
          205,
          1
        ],
        [
          0,
          0,
          0,
          0,
          0,
          0,
          1,
          206
        ]
      ],
      "per_class_f1": [
        0.9975903614457832,
        0.9951456310679612,
        0.9928057553956835,
        0.7499999999999999,
        0.0,
        0.9902912621359223,
        0.9903381642512077,
        0.9951690821256038
      ],
      "falling_f1": 0.8389175320527702,
      "falling_auprc": 0.9999793838490224,
      "falling_cm": [
        [
          646,
          0
        ],
        [
          2,
          619
        ]
      ],
      "class_names": [
        "Normal_Walk",
        "Shaking",
        "Twitching",
        "Punching",
        "Kicking",
        "Epileptic_Fall",
        "Elderly_Fall",
        "Fall_CantGetUp"
      ]
    }
  ],
  "overlap_stat": {
    "mean": 0.2518551358189219,
    "std": 0.48499542871835255,
    "pairs": [
      [
        0.0,
        1.0
      ],
      [
        0.0,
        2.0
      ],
      [
        0.0,
        3.0
      ],
      [
        0.0,
        4.0
      ],
      [
        0.0,
        5.0
      ],
      [
        0.0,
        6.0
      ],
      [
        0.0,
        7.0
      ],
      [
        1.0,
        2.0
      ],
      [
        1.0,
        3.0
      ],
      [
        1.0,
        4.0
      ],
      [
        1.0,
        5.0
      ],
      [
        1.0,
        6.0
      ],
      [
        1.0,
        7.0
      ],
      [
        2.0,
        3.0
      ],
      [
        2.0,
        4.0
      ],
      [
        2.0,
        5.0
      ],
      [
        2.0,
        6.0
      ],
      [
        2.0,
        7.0
      ],
      [
        3.0,
        4.0
      ],
      [
        3.0,
        5.0
      ],
      [
        3.0,
        6.0
      ],
      [
        3.0,
        7.0
      ],
      [
        4.0,
        5.0
      ],
      [
        4.0,
        6.0
      ],
      [
        4.0,
        7.0
      ],
      [
        5.0,
        6.0
      ],
      [
        5.0,
        7.0
      ],
      [
        6.0,
        7.0
      ]
    ],
    "values": [
      0.8176906016884294,
      0.782311137591569,
      -0.28802079886807364,
      -0.28813756124310225,
      0.4974724646350164,
      0.5943385537736984,
      0.6250781664316456,
      0.8300164727207046,
      -0.21853564484408122,
      -0.2186155009615103,
      0.35205414979369704,
      0.21425720456448813,
      0.3839861675656265,
      -0.2819132259257361,
      -0.2819953724415353,
      0.6122208371789318,
      0.42823758631700726,
      0.7321782236794669,
      0.9999999999323211,
      -0.21960614906407436,
      -0.2966986943400122,
      -0.3454354761101367,
      -0.2196244353346326,
      -0.2967419136275602,
      -0.34550182271944,
      0.8400884788862947,
      0.8580666322791093,
      0.784773721371701
    ]
  },
  "meta": {
    "run_id": "D3-LORO-V1-20250821-015948-f81af329",
    "phase": "D3",
    "exp": "LORO",
    "ver": "V1",
    "desc": "LORO cross-room evaluation with cnn",
    "time_start": "2025-08-21T01:59:48",
    "args": {
      "model": "cnn",
      "protocol": "loro",
      "seed": 3.0,
      "epochs": 100.0,
      "out": "results\\d3\\loro\\loro_cnn_seed3.json",
      "resume": 0.0,
      "benchmark_path": "benchmarks\\WiFi-CSI-Sensing-Benchmark-main\\Data",
      "files_per_activity": 3.0,
      "output_dir": "results\\d3\\loro",
      "d2_model_path": "",
      "label_ratio": 1.0,
      "transfer_method": "fine_tune",
      "skip_synth_pretrain": 0.0,
      "lr": 0.001,
      "batch_size": 64.0,
      "class_weight": "inv_freq",
      "loso_all_folds": 0.0,
      "patience": 10.0,
      "min_epochs": 20.0,
      "loro_all_folds": 0.0,
      "positive_class": 5.0,
      "amp": 0.0,
      "input_norm": "zscore",
      "norm_eps": 1e-06,
      "source": "synth",
      "target": "real",
      "difficulty": "mid",
      "n_samples": 2000.0,
      "T": 128.0,
      "F": 30.0
    }
  }
}