{
  "protocol": "LORO",
  "model": "bilstm",
  "seed": 2,
  "aggregate_stats": {
    "macro_f1": {
      "mean": 0.8105819726972163,
      "std": 0.0
    },
    "falling_f1": {
      "mean": 0.8105819726972163,
      "std": 0.0
    },
    "ece": {
      "mean": 0.01556633886805462,
      "std": 0.0
    },
    "auprc_falling": {
      "mean": 0.9924947504088529,
      "std": 0.0
    },
    "epileptic_fall_f1": {
      "mean": 0.9358669833729217,
      "std": 0.0
    },
    "elderly_fall_f1": {
      "mean": 0.9463414634146342,
      "std": 0.0
    },
    "fall_cantgetup_f1": {
      "mean": 0.9505882352941177,
      "std": 0.0
    },
    "mutual_misclass": {
      "mean": 0.0,
      "std": 0.0
    }
  },
  "fold_results": [
    {
      "macro_f1": 0.8105819726972163,
      "f1_fall": 0.8105819726972163,
      "ece": 0.01556633886805462,
      "auprc": 0.9786451529548736,
      "cm": [
        [
          204,
          1,
          1,
          0,
          0,
          0,
          0,
          1
        ],
        [
          3,
          192,
          1,
          0,
          0,
          3,
          6,
          2
        ],
        [
          1,
          2,
          198,
          0,
          0,
          0,
          0,
          6
        ],
        [
          0,
          0,
          0,
          15,
          0,
          0,
          0,
          0
        ],
        [
          0,
          0,
          0,
          10,
          0,
          0,
          0,
          0
        ],
        [
          0,
          1,
          1,
          0,
          0,
          197,
          3,
          5
        ],
        [
          1,
          0,
          0,
          0,
          0,
          10,
          194,
          2
        ],
        [
          1,
          0,
          0,
          0,
          0,
          4,
          0,
          202
        ]
      ],
      "per_class_f1": [
        0.9784172661870504,
        0.9528535980148884,
        0.9705882352941176,
        0.7499999999999999,
        0.0,
        0.9358669833729217,
        0.9463414634146342,
        0.9505882352941177
      ],
      "falling_f1": 0.8105819726972163,
      "falling_auprc": 0.9924947504088529,
      "falling_cm": [
        [
          627,
          19
        ],
        [
          4,
          617
        ]
      ],
      "class_names": [
        "Normal_Walk",
        "Shaking",
        "Twitching",
        "Punching",
        "Kicking",
        "Epileptic_Fall",
        "Elderly_Fall",
        "Fall_CantGetUp"
      ]
    }
  ],
  "overlap_stat": {
    "mean": 0.11278162448123821,
    "std": 0.61348378708552,
    "pairs": [
      [
        0.0,
        1.0
      ],
      [
        0.0,
        2.0
      ],
      [
        0.0,
        3.0
      ],
      [
        0.0,
        4.0
      ],
      [
        0.0,
        5.0
      ],
      [
        0.0,
        6.0
      ],
      [
        0.0,
        7.0
      ],
      [
        1.0,
        2.0
      ],
      [
        1.0,
        3.0
      ],
      [
        1.0,
        4.0
      ],
      [
        1.0,
        5.0
      ],
      [
        1.0,
        6.0
      ],
      [
        1.0,
        7.0
      ],
      [
        2.0,
        3.0
      ],
      [
        2.0,
        4.0
      ],
      [
        2.0,
        5.0
      ],
      [
        2.0,
        6.0
      ],
      [
        2.0,
        7.0
      ],
      [
        3.0,
        4.0
      ],
      [
        3.0,
        5.0
      ],
      [
        3.0,
        6.0
      ],
      [
        3.0,
        7.0
      ],
      [
        4.0,
        5.0
      ],
      [
        4.0,
        6.0
      ],
      [
        4.0,
        7.0
      ],
      [
        5.0,
        6.0
      ],
      [
        5.0,
        7.0
      ],
      [
        6.0,
        7.0
      ]
    ],
    "values": [
      0.6948196110507892,
      0.6715414633239627,
      -0.5575719371362015,
      -0.5575717766350468,
      0.676690572530568,
      0.44151990382201495,
      0.7208681053610128,
      0.6901755542234286,
      -0.5538021479826909,
      -0.5538019063323055,
      0.7526513489564856,
      0.7299812984638852,
      0.5019551222755797,
      -0.6436342274679026,
      -0.6436330997974129,
      0.5232785572433936,
      0.3830620531418682,
      0.6380627126461137,
      0.9999999998848274,
      -0.6061928638498303,
      -0.5030372485776298,
      -0.6014779592284961,
      -0.6061931683444061,
      -0.5030376498067014,
      -0.6014782733614262,
      0.7536026863224642,
      0.701987936655884,
      0.20912081809244257
    ]
  },
  "meta": {
    "run_id": "D3-LORO-V1-20250821-020913-2ab413d3",
    "phase": "D3",
    "exp": "LORO",
    "ver": "V1",
    "desc": "LORO cross-room evaluation with bilstm",
    "time_start": "2025-08-21T02:09:13",
    "args": {
      "model": "bilstm",
      "protocol": "loro",
      "seed": 2.0,
      "epochs": 100.0,
      "out": "results\\d3\\loro\\loro_bilstm_seed2.json",
      "resume": 0.0,
      "benchmark_path": "benchmarks\\WiFi-CSI-Sensing-Benchmark-main\\Data",
      "files_per_activity": 3.0,
      "output_dir": "results\\d3\\loro",
      "d2_model_path": "",
      "label_ratio": 1.0,
      "transfer_method": "fine_tune",
      "skip_synth_pretrain": 0.0,
      "lr": 0.001,
      "batch_size": 64.0,
      "class_weight": "inv_freq",
      "loso_all_folds": 0.0,
      "patience": 10.0,
      "min_epochs": 20.0,
      "loro_all_folds": 0.0,
      "positive_class": 5.0,
      "amp": 0.0,
      "input_norm": "zscore",
      "norm_eps": 1e-06,
      "source": "synth",
      "target": "real",
      "difficulty": "mid",
      "n_samples": 2000.0,
      "T": 128.0,
      "F": 30.0
    }
  }
}