{
  "protocol": "LORO",
  "model": "enhanced",
  "seed": 1,
  "aggregate_stats": {
    "macro_f1": {
      "mean": 0.8395343680820916,
      "std": 0.0
    },
    "falling_f1": {
      "mean": 0.8395343680820916,
      "std": 0.0
    },
    "ece": {
      "mean": 0.007858114253844216,
      "std": 0.0
    },
    "auprc_falling": {
      "mean": 0.9997100619083975,
      "std": 0.0
    },
    "epileptic_fall_f1": {
      "mean": 0.9951456310679612,
      "std": 0.0
    },
    "elderly_fall_f1": {
      "mean": 0.9951456310679612,
      "std": 0.0
    },
    "fall_cantgetup_f1": {
      "mean": 0.9951690821256038,
      "std": 0.0
    },
    "mutual_misclass": {
      "mean": 0.0,
      "std": 0.0
    }
  },
  "fold_results": [
    {
      "macro_f1": 0.8395343680820916,
      "f1_fall": 0.8395343680820916,
      "ece": 0.007858114253844216,
      "auprc": 0.9998174666729474,
      "cm": [
        [
          207,
          0,
          0,
          0,
          0,
          0,
          0,
          0
        ],
        [
          1,
          206,
          0,
          0,
          0,
          0,
          0,
          0
        ],
        [
          1,
          0,
          206,
          0,
          0,
          0,
          0,
          0
        ],
        [
          0,
          0,
          0,
          15,
          0,
          0,
          0,
          0
        ],
        [
          0,
          0,
          0,
          10,
          0,
          0,
          0,
          0
        ],
        [
          2,
          0,
          0,
          0,
          0,
          205,
          0,
          0
        ],
        [
          0,
          1,
          0,
          0,
          0,
          0,
          205,
          1
        ],
        [
          1,
          0,
          0,
          0,
          0,
          0,
          0,
          206
        ]
      ],
      "per_class_f1": [
        0.9880668257756563,
        0.9951690821256038,
        0.9975786924939467,
        0.7499999999999999,
        0.0,
        0.9951456310679612,
        0.9951456310679612,
        0.9951690821256038
      ],
      "falling_f1": 0.8395343680820916,
      "falling_auprc": 0.9997100619083975,
      "falling_cm": [
        [
          646,
          0
        ],
        [
          4,
          617
        ]
      ],
      "class_names": [
        "Normal_Walk",
        "Shaking",
        "Twitching",
        "Punching",
        "Kicking",
        "Epileptic_Fall",
        "Elderly_Fall",
        "Fall_CantGetUp"
      ]
    }
  ],
  "overlap_stat": {
    "mean": -0.10886108469665846,
    "std": 0.3484047439199719,
    "pairs": [
      [
        0.0,
        1.0
      ],
      [
        0.0,
        2.0
      ],
      [
        0.0,
        3.0
      ],
      [
        0.0,
        4.0
      ],
      [
        0.0,
        5.0
      ],
      [
        0.0,
        6.0
      ],
      [
        0.0,
        7.0
      ],
      [
        1.0,
        2.0
      ],
      [
        1.0,
        3.0
      ],
      [
        1.0,
        4.0
      ],
      [
        1.0,
        5.0
      ],
      [
        1.0,
        6.0
      ],
      [
        1.0,
        7.0
      ],
      [
        2.0,
        3.0
      ],
      [
        2.0,
        4.0
      ],
      [
        2.0,
        5.0
      ],
      [
        2.0,
        6.0
      ],
      [
        2.0,
        7.0
      ],
      [
        3.0,
        4.0
      ],
      [
        3.0,
        5.0
      ],
      [
        3.0,
        6.0
      ],
      [
        3.0,
        7.0
      ],
      [
        4.0,
        5.0
      ],
      [
        4.0,
        6.0
      ],
      [
        4.0,
        7.0
      ],
      [
        5.0,
        6.0
      ],
      [
        5.0,
        7.0
      ],
      [
        6.0,
        7.0
      ]
    ],
    "values": [
      0.09767513714725586,
      -0.031761318954075975,
      -0.7344548833582958,
      -0.7344556983363176,
      -0.11449958554341967,
      -0.6006695433218007,
      -0.20544249750289584,
      -0.10454536648042462,
      0.2225490055597577,
      0.222553492135695,
      -0.3343381067664545,
      -0.3805136478870358,
      -0.595821961006507,
      -0.23895810908497908,
      -0.23895562337777457,
      -0.3145999082606013,
      0.06340300548901495,
      -0.18548158188357247,
      1.000000096335625,
      -0.2010091408801927,
      0.22516559982251436,
      -0.07707841531663474,
      -0.20100954591833745,
      0.22516622928537505,
      -0.07708322319964953,
      -0.020724893246020205,
      0.053108884505518095,
      0.23367122853779657
    ]
  },
  "meta": {
    "run_id": "D3-LORO-V1-20250821-011850-2a1587b8",
    "phase": "D3",
    "exp": "LORO",
    "ver": "V1",
    "desc": "LORO cross-room evaluation with enhanced",
    "time_start": "2025-08-21T01:18:50",
    "args": {
      "model": "enhanced",
      "protocol": "loro",
      "seed": 1.0,
      "epochs": 100.0,
      "out": "results\\d3\\loro\\loro_enhanced_seed1.json",
      "resume": 0.0,
      "benchmark_path": "benchmarks\\WiFi-CSI-Sensing-Benchmark-main\\Data",
      "files_per_activity": 3.0,
      "output_dir": "results\\d3\\loro",
      "d2_model_path": "",
      "label_ratio": 1.0,
      "transfer_method": "fine_tune",
      "skip_synth_pretrain": 0.0,
      "lr": 0.001,
      "batch_size": 64.0,
      "class_weight": "inv_freq",
      "loso_all_folds": 0.0,
      "patience": 10.0,
      "min_epochs": 20.0,
      "loro_all_folds": 0.0,
      "positive_class": 5.0,
      "amp": 0.0,
      "input_norm": "zscore",
      "norm_eps": 1e-06,
      "source": "synth",
      "target": "real",
      "difficulty": "mid",
      "n_samples": 2000.0,
      "T": 128.0,
      "F": 30.0
    }
  }
}