{
  "protocol": "LORO",
  "model": "bilstm",
  "seed": 1,
  "aggregate_stats": {
    "macro_f1": {
      "mean": 0.8226855556569957,
      "std": 0.0
    },
    "falling_f1": {
      "mean": 0.8226855556569957,
      "std": 0.0
    },
    "ece": {
      "mean": 0.017530781717496138,
      "std": 0.0
    },
    "auprc_falling": {
      "mean": 0.9986813234031156,
      "std": 0.0
    },
    "epileptic_fall_f1": {
      "mean": 0.9530516431924884,
      "std": 0.0
    },
    "elderly_fall_f1": {
      "mean": 0.9660194174757282,
      "std": 0.0
    },
    "fall_cantgetup_f1": {
      "mean": 0.972972972972973,
      "std": 0.0
    },
    "mutual_misclass": {
      "mean": 0.0,
      "std": 0.0
    }
  },
  "fold_results": [
    {
      "macro_f1": 0.8226855556569957,
      "f1_fall": 0.8226855556569957,
      "ece": 0.017530781717496138,
      "auprc": 0.9920998982182604,
      "cm": [
        [
          206,
          1,
          0,
          0,
          0,
          0,
          0,
          0
        ],
        [
          2,
          199,
          0,
          0,
          0,
          3,
          3,
          0
        ],
        [
          0,
          1,
          202,
          0,
          0,
          1,
          2,
          1
        ],
        [
          0,
          0,
          0,
          15,
          0,
          0,
          0,
          0
        ],
        [
          0,
          0,
          0,
          10,
          0,
          0,
          0,
          0
        ],
        [
          0,
          2,
          0,
          0,
          0,
          203,
          1,
          1
        ],
        [
          1,
          2,
          0,
          0,
          0,
          5,
          199,
          0
        ],
        [
          2,
          0,
          0,
          0,
          0,
          7,
          0,
          198
        ]
      ],
      "per_class_f1": [
        0.985645933014354,
        0.9660194174757282,
        0.9877750611246945,
        0.7499999999999999,
        0.0,
        0.9530516431924884,
        0.9660194174757282,
        0.972972972972973
      ],
      "falling_f1": 0.8226855556569957,
      "falling_auprc": 0.9986813234031156,
      "falling_cm": [
        [
          635,
          11
        ],
        [
          7,
          614
        ]
      ],
      "class_names": [
        "Normal_Walk",
        "Shaking",
        "Twitching",
        "Punching",
        "Kicking",
        "Epileptic_Fall",
        "Elderly_Fall",
        "Fall_CantGetUp"
      ]
    }
  ],
  "overlap_stat": {
    "mean": 0.01711714381724155,
    "std": 0.6363882355387743,
    "pairs": [
      [
        0.0,
        1.0
      ],
      [
        0.0,
        2.0
      ],
      [
        0.0,
        3.0
      ],
      [
        0.0,
        4.0
      ],
      [
        0.0,
        5.0
      ],
      [
        0.0,
        6.0
      ],
      [
        0.0,
        7.0
      ],
      [
        1.0,
        2.0
      ],
      [
        1.0,
        3.0
      ],
      [
        1.0,
        4.0
      ],
      [
        1.0,
        5.0
      ],
      [
        1.0,
        6.0
      ],
      [
        1.0,
        7.0
      ],
      [
        2.0,
        3.0
      ],
      [
        2.0,
        4.0
      ],
      [
        2.0,
        5.0
      ],
      [
        2.0,
        6.0
      ],
      [
        2.0,
        7.0
      ],
      [
        3.0,
        4.0
      ],
      [
        3.0,
        5.0
      ],
      [
        3.0,
        6.0
      ],
      [
        3.0,
        7.0
      ],
      [
        4.0,
        5.0
      ],
      [
        4.0,
        6.0
      ],
      [
        4.0,
        7.0
      ],
      [
        5.0,
        6.0
      ],
      [
        5.0,
        7.0
      ],
      [
        6.0,
        7.0
      ]
    ],
    "values": [
      0.68847736578616,
      0.48661710584523604,
      -0.705910710983854,
      -0.7059106620114863,
      0.45573106040612166,
      0.5788309492291244,
      0.5532482547826996,
      0.6533748732068421,
      -0.7234758996574353,
      -0.7234760126769408,
      0.6925274898274187,
      0.6043028616242526,
      0.5557422450789272,
      -0.7117777469148922,
      -0.7117776951599364,
      0.43505395146978326,
      0.35495240949263385,
      0.5250586916175072,
      0.9999999998809032,
      -0.7378849412944403,
      -0.6924492669401657,
      -0.6128370054014515,
      -0.7378850553199566,
      -0.6924492228254323,
      -0.6128371814687017,
      0.6777801118190395,
      0.5479119349706715,
      0.03834212250013578
    ]
  },
  "meta": {
    "run_id": "D3-LORO-V1-20250821-020507-8a6e2d85",
    "phase": "D3",
    "exp": "LORO",
    "ver": "V1",
    "desc": "LORO cross-room evaluation with bilstm",
    "time_start": "2025-08-21T02:05:07",
    "args": {
      "model": "bilstm",
      "protocol": "loro",
      "seed": 1.0,
      "epochs": 100.0,
      "out": "results\\d3\\loro\\loro_bilstm_seed1.json",
      "resume": 0.0,
      "benchmark_path": "benchmarks\\WiFi-CSI-Sensing-Benchmark-main\\Data",
      "files_per_activity": 3.0,
      "output_dir": "results\\d3\\loro",
      "d2_model_path": "",
      "label_ratio": 1.0,
      "transfer_method": "fine_tune",
      "skip_synth_pretrain": 0.0,
      "lr": 0.001,
      "batch_size": 64.0,
      "class_weight": "inv_freq",
      "loso_all_folds": 0.0,
      "patience": 10.0,
      "min_epochs": 20.0,
      "loro_all_folds": 0.0,
      "positive_class": 5.0,
      "amp": 0.0,
      "input_norm": "zscore",
      "norm_eps": 1e-06,
      "source": "synth",
      "target": "real",
      "difficulty": "mid",
      "n_samples": 2000.0,
      "T": 128.0,
      "F": 30.0
    }
  }
}