{
  "protocol": "LORO",
  "model": "conformer_lite",
  "seed": 2,
  "aggregate_stats": {
    "macro_f1": {
      "mean": 0.8287532353958459,
      "std": 0.0
    },
    "falling_f1": {
      "mean": 0.8287532353958459,
      "std": 0.0
    },
    "ece": {
      "mean": 0.00851498989957289,
      "std": 0.0
    },
    "auprc_falling": {
      "mean": 0.999496809239655,
      "std": 0.0
    },
    "epileptic_fall_f1": {
      "mean": 0.9627906976744186,
      "std": 0.0
    },
    "elderly_fall_f1": {
      "mean": 0.9685230024213075,
      "std": 0.0
    },
    "fall_cantgetup_f1": {
      "mean": 0.9802955665024631,
      "std": 0.0
    },
    "mutual_misclass": {
      "mean": 0.0,
      "std": 0.0
    }
  },
  "fold_results": [
    {
      "macro_f1": 0.8287532353958459,
      "f1_fall": 0.8287532353958459,
      "ece": 0.00851498989957289,
      "auprc": 0.999385602942859,
      "cm": [
        [
          203,
          0,
          0,
          0,
          0,
          3,
          1,
          0
        ],
        [
          0,
          203,
          1,
          0,
          0,
          0,
          3,
          0
        ],
        [
          0,
          0,
          205,
          0,
          0,
          2,
          0,
          0
        ],
        [
          0,
          0,
          0,
          15,
          0,
          0,
          0,
          0
        ],
        [
          0,
          0,
          0,
          10,
          0,
          0,
          0,
          0
        ],
        [
          0,
          0,
          0,
          0,
          0,
          207,
          0,
          0
        ],
        [
          0,
          1,
          1,
          0,
          0,
          5,
          200,
          0
        ],
        [
          0,
          0,
          0,
          0,
          0,
          6,
          2,
          199
        ]
      ],
      "per_class_f1": [
        0.9902439024390245,
        0.9878345498783455,
        0.9903381642512077,
        0.7499999999999999,
        0.0,
        0.9627906976744186,
        0.9685230024213075,
        0.9802955665024631
      ],
      "falling_f1": 0.8287532353958459,
      "falling_auprc": 0.999496809239655,
      "falling_cm": [
        [
          637,
          9
        ],
        [
          2,
          619
        ]
      ],
      "class_names": [
        "Normal_Walk",
        "Shaking",
        "Twitching",
        "Punching",
        "Kicking",
        "Epileptic_Fall",
        "Elderly_Fall",
        "Fall_CantGetUp"
      ]
    }
  ],
  "overlap_stat": {
    "mean": -0.09057045351284132,
    "std": 0.3368901797200972,
    "pairs": [
      [
        0.0,
        1.0
      ],
      [
        0.0,
        2.0
      ],
      [
        0.0,
        3.0
      ],
      [
        0.0,
        4.0
      ],
      [
        0.0,
        5.0
      ],
      [
        0.0,
        6.0
      ],
      [
        0.0,
        7.0
      ],
      [
        1.0,
        2.0
      ],
      [
        1.0,
        3.0
      ],
      [
        1.0,
        4.0
      ],
      [
        1.0,
        5.0
      ],
      [
        1.0,
        6.0
      ],
      [
        1.0,
        7.0
      ],
      [
        2.0,
        3.0
      ],
      [
        2.0,
        4.0
      ],
      [
        2.0,
        5.0
      ],
      [
        2.0,
        6.0
      ],
      [
        2.0,
        7.0
      ],
      [
        3.0,
        4.0
      ],
      [
        3.0,
        5.0
      ],
      [
        3.0,
        6.0
      ],
      [
        3.0,
        7.0
      ],
      [
        4.0,
        5.0
      ],
      [
        4.0,
        6.0
      ],
      [
        4.0,
        7.0
      ],
      [
        5.0,
        6.0
      ],
      [
        5.0,
        7.0
      ],
      [
        6.0,
        7.0
      ]
    ],
    "values": [
      0.5250466063345498,
      0.18615963356387435,
      -0.1103449403699945,
      -0.11177903044090338,
      -0.06292694688422214,
      -0.22812675948777975,
      -0.04897426575229099,
      0.041161797036187504,
      0.017064969267447026,
      0.017633018584395897,
      0.05842901543830208,
      0.21814695491483382,
      -0.3042070315548119,
      -0.5896412575413033,
      -0.5978671459328417,
      -0.06043534667403285,
      0.13358231638530216,
      -0.006532627041664757,
      0.9999453359033464,
      -0.6043092540210228,
      -0.33687345785641126,
      -0.3048251515756271,
      -0.5996401176584633,
      -0.33513836738335706,
      -0.30147830076442356,
      -0.009435151722414938,
      -0.05693811875978772,
      -0.06366907436644334
    ]
  },
  "meta": {
    "run_id": "D3-LORO-V1-20250821-023530-d009d7ee",
    "phase": "D3",
    "exp": "LORO",
    "ver": "V1",
    "desc": "LORO cross-room evaluation with conformer_lite",
    "time_start": "2025-08-21T02:35:30",
    "args": {
      "model": "conformer_lite",
      "protocol": "loro",
      "seed": 2.0,
      "epochs": 100.0,
      "out": "results\\d3\\loro\\loro_conformer_lite_seed2.json",
      "resume": 0.0,
      "benchmark_path": "benchmarks\\WiFi-CSI-Sensing-Benchmark-main\\Data",
      "files_per_activity": 3.0,
      "output_dir": "results\\d3\\loro",
      "d2_model_path": "",
      "label_ratio": 1.0,
      "transfer_method": "fine_tune",
      "skip_synth_pretrain": 0.0,
      "lr": 0.001,
      "batch_size": 64.0,
      "class_weight": "inv_freq",
      "loso_all_folds": 0.0,
      "patience": 10.0,
      "min_epochs": 20.0,
      "loro_all_folds": 0.0,
      "positive_class": 5.0,
      "amp": 0.0,
      "input_norm": "zscore",
      "norm_eps": 1e-06,
      "source": "synth",
      "target": "real",
      "difficulty": "mid",
      "n_samples": 2000.0,
      "T": 128.0,
      "F": 30.0
    }
  }
}