{
  "protocol": "LORO",
  "model": "conformer_lite",
  "seed": 4,
  "aggregate_stats": {
    "macro_f1": {
      "mean": 0.8736606058992071,
      "std": 0.0
    },
    "falling_f1": {
      "mean": 0.8736606058992071,
      "std": 0.0
    },
    "ece": {
      "mean": 0.009577411432010276,
      "std": 0.0
    },
    "auprc_falling": {
      "mean": 0.9998587041934033,
      "std": 0.0
    },
    "epileptic_fall_f1": {
      "mean": 0.988009592326139,
      "std": 0.0
    },
    "elderly_fall_f1": {
      "mean": 0.9853658536585366,
      "std": 0.0
    },
    "fall_cantgetup_f1": {
      "mean": 0.9879518072289156,
      "std": 0.0
    },
    "mutual_misclass": {
      "mean": 0.0,
      "std": 0.0
    }
  },
  "fold_results": [
    {
      "macro_f1": 0.8736606058992071,
      "f1_fall": 0.8736606058992071,
      "ece": 0.009577411432010276,
      "auprc": 0.9994287396575413,
      "cm": [
        [
          207,
          0,
          0,
          0,
          0,
          0,
          0,
          0
        ],
        [
          5,
          201,
          0,
          0,
          0,
          1,
          0,
          0
        ],
        [
          1,
          1,
          202,
          0,
          0,
          2,
          1,
          0
        ],
        [
          0,
          0,
          0,
          12,
          3,
          0,
          0,
          0
        ],
        [
          0,
          0,
          0,
          7,
          3,
          0,
          0,
          0
        ],
        [
          0,
          0,
          0,
          0,
          0,
          206,
          0,
          1
        ],
        [
          3,
          0,
          0,
          0,
          0,
          0,
          202,
          2
        ],
        [
          1,
          0,
          0,
          0,
          0,
          1,
          0,
          205
        ]
      ],
      "per_class_f1": [
        0.9764150943396226,
        0.9828850855745722,
        0.9877750611246945,
        0.7058823529411765,
        0.37499999999999994,
        0.988009592326139,
        0.9853658536585366,
        0.9879518072289156
      ],
      "falling_f1": 0.8736606058992071,
      "falling_auprc": 0.9998587041934033,
      "falling_cm": [
        [
          642,
          4
        ],
        [
          4,
          617
        ]
      ],
      "class_names": [
        "Normal_Walk",
        "Shaking",
        "Twitching",
        "Punching",
        "Kicking",
        "Epileptic_Fall",
        "Elderly_Fall",
        "Fall_CantGetUp"
      ]
    }
  ],
  "overlap_stat": {
    "mean": 0.0025510061082781358,
    "std": 0.39986016787704265,
    "pairs": [
      [
        0.0,
        1.0
      ],
      [
        0.0,
        2.0
      ],
      [
        0.0,
        3.0
      ],
      [
        0.0,
        4.0
      ],
      [
        0.0,
        5.0
      ],
      [
        0.0,
        6.0
      ],
      [
        0.0,
        7.0
      ],
      [
        1.0,
        2.0
      ],
      [
        1.0,
        3.0
      ],
      [
        1.0,
        4.0
      ],
      [
        1.0,
        5.0
      ],
      [
        1.0,
        6.0
      ],
      [
        1.0,
        7.0
      ],
      [
        2.0,
        3.0
      ],
      [
        2.0,
        4.0
      ],
      [
        2.0,
        5.0
      ],
      [
        2.0,
        6.0
      ],
      [
        2.0,
        7.0
      ],
      [
        3.0,
        4.0
      ],
      [
        3.0,
        5.0
      ],
      [
        3.0,
        6.0
      ],
      [
        3.0,
        7.0
      ],
      [
        4.0,
        5.0
      ],
      [
        4.0,
        6.0
      ],
      [
        4.0,
        7.0
      ],
      [
        5.0,
        6.0
      ],
      [
        5.0,
        7.0
      ],
      [
        6.0,
        7.0
      ]
    ],
    "values": [
      0.47742299728231674,
      0.2678486693982897,
      -0.34349112035877516,
      -0.3523630254799412,
      0.4582001138737015,
      0.16284058329028056,
      0.27736045769645284,
      0.4790718271484042,
      -0.14979952274341676,
      -0.15729192775325157,
      0.2987685942841674,
      0.2945338226337411,
      0.28575470058738855,
      -0.4947923516214509,
      -0.49589772569685675,
      0.1424966479304985,
      -0.1207954034706941,
      0.14956290757884427,
      0.9999449164794454,
      -0.267275168576146,
      -0.5250441292130524,
      -0.5846901138434394,
      -0.2729461354049424,
      -0.5269264295165287,
      -0.5866376260291676,
      0.18172139809408194,
      0.30412760474032297,
      0.16972360972151515
    ]
  },
  "meta": {
    "run_id": "D3-LORO-V1-20250821-024402-b1755aca",
    "phase": "D3",
    "exp": "LORO",
    "ver": "V1",
    "desc": "LORO cross-room evaluation with conformer_lite",
    "time_start": "2025-08-21T02:44:02",
    "args": {
      "model": "conformer_lite",
      "protocol": "loro",
      "seed": 4.0,
      "epochs": 100.0,
      "out": "results\\d3\\loro\\loro_conformer_lite_seed4.json",
      "resume": 0.0,
      "benchmark_path": "benchmarks\\WiFi-CSI-Sensing-Benchmark-main\\Data",
      "files_per_activity": 3.0,
      "output_dir": "results\\d3\\loro",
      "d2_model_path": "",
      "label_ratio": 1.0,
      "transfer_method": "fine_tune",
      "skip_synth_pretrain": 0.0,
      "lr": 0.001,
      "batch_size": 64.0,
      "class_weight": "inv_freq",
      "loso_all_folds": 0.0,
      "patience": 10.0,
      "min_epochs": 20.0,
      "loro_all_folds": 0.0,
      "positive_class": 5.0,
      "amp": 0.0,
      "input_norm": "zscore",
      "norm_eps": 1e-06,
      "source": "synth",
      "target": "real",
      "difficulty": "mid",
      "n_samples": 2000.0,
      "T": 128.0,
      "F": 30.0
    }
  }
}