{
  "protocol": "LORO",
  "model": "cnn",
  "seed": 0,
  "aggregate_stats": {
    "macro_f1": {
      "mean": 0.8377083825187294,
      "std": 0.0
    },
    "falling_f1": {
      "mean": 0.8377083825187294,
      "std": 0.0
    },
    "ece": {
      "mean": 0.002465175989582999,
      "std": 0.0
    },
    "auprc_falling": {
      "mean": 0.9998882246003142,
      "std": 0.0
    },
    "epileptic_fall_f1": {
      "mean": 0.9855072463768116,
      "std": 0.0
    },
    "elderly_fall_f1": {
      "mean": 0.9951923076923077,
      "std": 0.0
    },
    "fall_cantgetup_f1": {
      "mean": 0.9927710843373494,
      "std": 0.0
    },
    "mutual_misclass": {
      "mean": 0.0,
      "std": 0.0
    }
  },
  "fold_results": [
    {
      "macro_f1": 0.8377083825187294,
      "f1_fall": 0.8377083825187294,
      "ece": 0.002465175989582999,
      "auprc": 0.9815590763751083,
      "cm": [
        [
          206,
          1,
          0,
          0,
          0,
          0,
          0,
          0
        ],
        [
          1,
          204,
          1,
          0,
          0,
          1,
          0,
          0
        ],
        [
          0,
          0,
          205,
          0,
          0,
          1,
          1,
          0
        ],
        [
          0,
          0,
          0,
          15,
          0,
          0,
          0,
          0
        ],
        [
          0,
          0,
          0,
          10,
          0,
          0,
          0,
          0
        ],
        [
          0,
          0,
          0,
          0,
          0,
          204,
          1,
          2
        ],
        [
          0,
          0,
          0,
          0,
          0,
          0,
          207,
          0
        ],
        [
          0,
          0,
          0,
          0,
          0,
          1,
          0,
          206
        ]
      ],
      "per_class_f1": [
        0.9951690821256038,
        0.9902912621359223,
        0.9927360774818401,
        0.7499999999999999,
        0.0,
        0.9855072463768116,
        0.9951923076923077,
        0.9927710843373494
      ],
      "falling_f1": 0.8377083825187294,
      "falling_auprc": 0.9998882246003142,
      "falling_cm": [
        [
          643,
          3
        ],
        [
          0,
          621
        ]
      ],
      "class_names": [
        "Normal_Walk",
        "Shaking",
        "Twitching",
        "Punching",
        "Kicking",
        "Epileptic_Fall",
        "Elderly_Fall",
        "Fall_CantGetUp"
      ]
    }
  ],
  "overlap_stat": {
    "mean": 0.16861726649309258,
    "std": 0.8249195435433104,
    "pairs": [
      [
        0.0,
        1.0
      ],
      [
        0.0,
        2.0
      ],
      [
        0.0,
        3.0
      ],
      [
        0.0,
        4.0
      ],
      [
        0.0,
        5.0
      ],
      [
        0.0,
        6.0
      ],
      [
        0.0,
        7.0
      ],
      [
        1.0,
        2.0
      ],
      [
        1.0,
        3.0
      ],
      [
        1.0,
        4.0
      ],
      [
        1.0,
        5.0
      ],
      [
        1.0,
        6.0
      ],
      [
        1.0,
        7.0
      ],
      [
        2.0,
        3.0
      ],
      [
        2.0,
        4.0
      ],
      [
        2.0,
        5.0
      ],
      [
        2.0,
        6.0
      ],
      [
        2.0,
        7.0
      ],
      [
        3.0,
        4.0
      ],
      [
        3.0,
        5.0
      ],
      [
        3.0,
        6.0
      ],
      [
        3.0,
        7.0
      ],
      [
        4.0,
        5.0
      ],
      [
        4.0,
        6.0
      ],
      [
        4.0,
        7.0
      ],
      [
        5.0,
        6.0
      ],
      [
        5.0,
        7.0
      ],
      [
        6.0,
        7.0
      ]
    ],
    "values": [
      0.9300133556064075,
      0.923893781243811,
      -0.7808329685878073,
      -0.7808478704618441,
      0.8644759362043108,
      0.8830492471901815,
      0.8953921731904554,
      0.8933934703900199,
      -0.7051844927710981,
      -0.7051746205651112,
      0.7794773718390469,
      0.8017055701042778,
      0.8163619183573803,
      -0.7662533717953783,
      -0.7663031032731997,
      0.8956990959119387,
      0.8891326016873868,
      0.8023243321828102,
      1.0000000725035663,
      -0.8305930517531671,
      -0.8281969734757871,
      -0.7810932893933499,
      -0.8306342365265725,
      -0.8282263936666014,
      -0.7810972343004579,
      0.9493454551800693,
      0.9278151187700673,
      0.8536415680152373
    ]
  },
  "meta": {
    "run_id": "D3-LORO-V1-20250821-015525-afa16cf6",
    "phase": "D3",
    "exp": "LORO",
    "ver": "V1",
    "desc": "LORO cross-room evaluation with cnn",
    "time_start": "2025-08-21T01:55:25",
    "args": {
      "model": "cnn",
      "protocol": "loro",
      "seed": 0.0,
      "epochs": 100.0,
      "out": "results\\d3\\loro\\loro_cnn_seed0.json",
      "resume": 0.0,
      "benchmark_path": "benchmarks\\WiFi-CSI-Sensing-Benchmark-main\\Data",
      "files_per_activity": 3.0,
      "output_dir": "results\\d3\\loro",
      "d2_model_path": "",
      "label_ratio": 1.0,
      "transfer_method": "fine_tune",
      "skip_synth_pretrain": 0.0,
      "lr": 0.001,
      "batch_size": 64.0,
      "class_weight": "inv_freq",
      "loso_all_folds": 0.0,
      "patience": 10.0,
      "min_epochs": 20.0,
      "loro_all_folds": 0.0,
      "positive_class": 5.0,
      "amp": 0.0,
      "input_norm": "zscore",
      "norm_eps": 1e-06,
      "source": "synth",
      "target": "real",
      "difficulty": "mid",
      "n_samples": 2000.0,
      "T": 128.0,
      "F": 30.0
    }
  }
}