{
  "protocol": "LORO",
  "model": "bilstm",
  "seed": 3,
  "aggregate_stats": {
    "macro_f1": {
      "mean": 0.8238117676626964,
      "std": 0.0
    },
    "falling_f1": {
      "mean": 0.8238117676626964,
      "std": 0.0
    },
    "ece": {
      "mean": 0.007600806130136001,
      "std": 0.0
    },
    "auprc_falling": {
      "mean": 0.9983685746818112,
      "std": 0.0
    },
    "epileptic_fall_f1": {
      "mean": 0.968058968058968,
      "std": 0.0
    },
    "elderly_fall_f1": {
      "mean": 0.9685230024213075,
      "std": 0.0
    },
    "fall_cantgetup_f1": {
      "mean": 0.9830508474576272,
      "std": 0.0
    },
    "mutual_misclass": {
      "mean": 0.0,
      "std": 0.0
    }
  },
  "fold_results": [
    {
      "macro_f1": 0.8238117676626964,
      "f1_fall": 0.8238117676626964,
      "ece": 0.007600806130136001,
      "auprc": 0.9889090105790868,
      "cm": [
        [
          206,
          0,
          1,
          0,
          0,
          0,
          0,
          0
        ],
        [
          3,
          200,
          2,
          0,
          0,
          1,
          1,
          0
        ],
        [
          2,
          1,
          203,
          0,
          0,
          1,
          0,
          0
        ],
        [
          0,
          0,
          0,
          15,
          0,
          0,
          0,
          0
        ],
        [
          0,
          0,
          0,
          10,
          0,
          0,
          0,
          0
        ],
        [
          0,
          3,
          1,
          0,
          0,
          197,
          3,
          3
        ],
        [
          1,
          6,
          0,
          0,
          0,
          0,
          200,
          0
        ],
        [
          1,
          0,
          0,
          0,
          0,
          1,
          2,
          203
        ]
      ],
      "per_class_f1": [
        0.9809523809523809,
        0.9592326139088728,
        0.9806763285024155,
        0.7499999999999999,
        0.0,
        0.968058968058968,
        0.9685230024213075,
        0.9830508474576272
      ],
      "falling_f1": 0.8238117676626964,
      "falling_auprc": 0.9983685746818112,
      "falling_cm": [
        [
          642,
          4
        ],
        [
          12,
          609
        ]
      ],
      "class_names": [
        "Normal_Walk",
        "Shaking",
        "Twitching",
        "Punching",
        "Kicking",
        "Epileptic_Fall",
        "Elderly_Fall",
        "Fall_CantGetUp"
      ]
    }
  ],
  "overlap_stat": {
    "mean": -0.029647913302418095,
    "std": 0.5980158693973338,
    "pairs": [
      [
        0.0,
        1.0
      ],
      [
        0.0,
        2.0
      ],
      [
        0.0,
        3.0
      ],
      [
        0.0,
        4.0
      ],
      [
        0.0,
        5.0
      ],
      [
        0.0,
        6.0
      ],
      [
        0.0,
        7.0
      ],
      [
        1.0,
        2.0
      ],
      [
        1.0,
        3.0
      ],
      [
        1.0,
        4.0
      ],
      [
        1.0,
        5.0
      ],
      [
        1.0,
        6.0
      ],
      [
        1.0,
        7.0
      ],
      [
        2.0,
        3.0
      ],
      [
        2.0,
        4.0
      ],
      [
        2.0,
        5.0
      ],
      [
        2.0,
        6.0
      ],
      [
        2.0,
        7.0
      ],
      [
        3.0,
        4.0
      ],
      [
        3.0,
        5.0
      ],
      [
        3.0,
        6.0
      ],
      [
        3.0,
        7.0
      ],
      [
        4.0,
        5.0
      ],
      [
        4.0,
        6.0
      ],
      [
        4.0,
        7.0
      ],
      [
        5.0,
        6.0
      ],
      [
        5.0,
        7.0
      ],
      [
        6.0,
        7.0
      ]
    ],
    "values": [
      0.3094307259443843,
      0.43387762821624837,
      -0.7075124962598855,
      -0.7075125272595365,
      0.6231642943473246,
      0.5418610665850557,
      0.2773646115276449,
      0.37619625400868256,
      -0.7128340131640352,
      -0.7128337779631883,
      0.6837215214900954,
      0.5801248759529973,
      0.47858718170765774,
      -0.7278396272618298,
      -0.7278397193422368,
      0.31779384297698315,
      0.10085219338071238,
      0.7088362698927833,
      0.9999999998946587,
      -0.7194310108072686,
      -0.5707166473670731,
      -0.6510538333023661,
      -0.7194312529057589,
      -0.570716463518123,
      -0.6510540748245942,
      0.5246352527261228,
      0.545076013925718,
      -0.15288786106887964
    ]
  },
  "meta": {
    "run_id": "D3-LORO-V1-20250821-021245-3499c4ec",
    "phase": "D3",
    "exp": "LORO",
    "ver": "V1",
    "desc": "LORO cross-room evaluation with bilstm",
    "time_start": "2025-08-21T02:12:45",
    "args": {
      "model": "bilstm",
      "protocol": "loro",
      "seed": 3.0,
      "epochs": 100.0,
      "out": "results\\d3\\loro\\loro_bilstm_seed3.json",
      "resume": 0.0,
      "benchmark_path": "benchmarks\\WiFi-CSI-Sensing-Benchmark-main\\Data",
      "files_per_activity": 3.0,
      "output_dir": "results\\d3\\loro",
      "d2_model_path": "",
      "label_ratio": 1.0,
      "transfer_method": "fine_tune",
      "skip_synth_pretrain": 0.0,
      "lr": 0.001,
      "batch_size": 64.0,
      "class_weight": "inv_freq",
      "loso_all_folds": 0.0,
      "patience": 10.0,
      "min_epochs": 20.0,
      "loro_all_folds": 0.0,
      "positive_class": 5.0,
      "amp": 0.0,
      "input_norm": "zscore",
      "norm_eps": 1e-06,
      "source": "synth",
      "target": "real",
      "difficulty": "mid",
      "n_samples": 2000.0,
      "T": 128.0,
      "F": 30.0
    }
  }
}