{
  "protocol": "LORO",
  "model": "cnn",
  "seed": 4,
  "aggregate_stats": {
    "macro_f1": {
      "mean": 0.8383136350972329,
      "std": 0.0
    },
    "falling_f1": {
      "mean": 0.8383136350972329,
      "std": 0.0
    },
    "ece": {
      "mean": 0.005267049773245597,
      "std": 0.0
    },
    "auprc_falling": {
      "mean": 0.9997829653039368,
      "std": 0.0
    },
    "epileptic_fall_f1": {
      "mean": 0.9855769230769231,
      "std": 0.0
    },
    "elderly_fall_f1": {
      "mean": 0.9951690821256038,
      "std": 0.0
    },
    "fall_cantgetup_f1": {
      "mean": 0.9975903614457832,
      "std": 0.0
    },
    "mutual_misclass": {
      "mean": 0.0,
      "std": 0.0
    }
  },
  "fold_results": [
    {
      "macro_f1": 0.8383136350972329,
      "f1_fall": 0.8383136350972329,
      "ece": 0.005267049773245597,
      "auprc": 0.9970951709383039,
      "cm": [
        [
          206,
          1,
          0,
          0,
          0,
          0,
          0,
          0
        ],
        [
          1,
          206,
          0,
          0,
          0,
          0,
          0,
          0
        ],
        [
          0,
          0,
          203,
          0,
          0,
          3,
          0,
          1
        ],
        [
          0,
          0,
          0,
          15,
          0,
          0,
          0,
          0
        ],
        [
          0,
          0,
          0,
          10,
          0,
          0,
          0,
          0
        ],
        [
          0,
          0,
          1,
          0,
          0,
          205,
          1,
          0
        ],
        [
          0,
          0,
          0,
          0,
          0,
          1,
          206,
          0
        ],
        [
          0,
          0,
          0,
          0,
          0,
          0,
          0,
          207
        ]
      ],
      "per_class_f1": [
        0.9951690821256038,
        0.9951690821256038,
        0.9878345498783455,
        0.7499999999999999,
        0.0,
        0.9855769230769231,
        0.9951690821256038,
        0.9975903614457832
      ],
      "falling_f1": 0.8383136350972329,
      "falling_auprc": 0.9997829653039368,
      "falling_cm": [
        [
          642,
          4
        ],
        [
          1,
          620
        ]
      ],
      "class_names": [
        "Normal_Walk",
        "Shaking",
        "Twitching",
        "Punching",
        "Kicking",
        "Epileptic_Fall",
        "Elderly_Fall",
        "Fall_CantGetUp"
      ]
    }
  ],
  "overlap_stat": {
    "mean": 0.17910402423193475,
    "std": 0.6378205436364548,
    "pairs": [
      [
        0.0,
        1.0
      ],
      [
        0.0,
        2.0
      ],
      [
        0.0,
        3.0
      ],
      [
        0.0,
        4.0
      ],
      [
        0.0,
        5.0
      ],
      [
        0.0,
        6.0
      ],
      [
        0.0,
        7.0
      ],
      [
        1.0,
        2.0
      ],
      [
        1.0,
        3.0
      ],
      [
        1.0,
        4.0
      ],
      [
        1.0,
        5.0
      ],
      [
        1.0,
        6.0
      ],
      [
        1.0,
        7.0
      ],
      [
        2.0,
        3.0
      ],
      [
        2.0,
        4.0
      ],
      [
        2.0,
        5.0
      ],
      [
        2.0,
        6.0
      ],
      [
        2.0,
        7.0
      ],
      [
        3.0,
        4.0
      ],
      [
        3.0,
        5.0
      ],
      [
        3.0,
        6.0
      ],
      [
        3.0,
        7.0
      ],
      [
        4.0,
        5.0
      ],
      [
        4.0,
        6.0
      ],
      [
        4.0,
        7.0
      ],
      [
        5.0,
        6.0
      ],
      [
        5.0,
        7.0
      ],
      [
        6.0,
        7.0
      ]
    ],
    "values": [
      0.8560883109545414,
      0.8523836626391622,
      -0.5833778355550213,
      -0.583382399456109,
      0.7482719503656077,
      0.6483429463229088,
      0.6943624383392204,
      0.7336637789523902,
      -0.5271566947008658,
      -0.5271589728718863,
      0.4641603139151511,
      0.305005323642636,
      0.41595151130649133,
      -0.43961512672306585,
      -0.4396101127879494,
      0.7218976057367085,
      0.6900329859059305,
      0.684459368518655,
      0.9999999390414928,
      -0.5856945803184419,
      -0.5464708937108188,
      -0.5503741816359615,
      -0.5857025285287891,
      -0.5464706264714971,
      -0.5503848340553031,
      0.9123024739159248,
      0.8740780528416345,
      0.8793108029114277
    ]
  },
  "meta": {
    "run_id": "D3-LORO-V1-20250821-020052-4efe2b78",
    "phase": "D3",
    "exp": "LORO",
    "ver": "V1",
    "desc": "LORO cross-room evaluation with cnn",
    "time_start": "2025-08-21T02:00:52",
    "args": {
      "model": "cnn",
      "protocol": "loro",
      "seed": 4.0,
      "epochs": 100.0,
      "out": "results\\d3\\loro\\loro_cnn_seed4.json",
      "resume": 0.0,
      "benchmark_path": "benchmarks\\WiFi-CSI-Sensing-Benchmark-main\\Data",
      "files_per_activity": 3.0,
      "output_dir": "results\\d3\\loro",
      "d2_model_path": "",
      "label_ratio": 1.0,
      "transfer_method": "fine_tune",
      "skip_synth_pretrain": 0.0,
      "lr": 0.001,
      "batch_size": 64.0,
      "class_weight": "inv_freq",
      "loso_all_folds": 0.0,
      "patience": 10.0,
      "min_epochs": 20.0,
      "loro_all_folds": 0.0,
      "positive_class": 5.0,
      "amp": 0.0,
      "input_norm": "zscore",
      "norm_eps": 1e-06,
      "source": "synth",
      "target": "real",
      "difficulty": "mid",
      "n_samples": 2000.0,
      "T": 128.0,
      "F": 30.0
    }
  }
}