{
  "protocol": "LORO",
  "model": "conformer_lite",
  "seed": 3,
  "aggregate_stats": {
    "macro_f1": {
      "mean": 0.8492907275993422,
      "std": 0.0
    },
    "falling_f1": {
      "mean": 0.8492907275993422,
      "std": 0.0
    },
    "ece": {
      "mean": 0.026630619612846594,
      "std": 0.0
    },
    "auprc_falling": {
      "mean": 0.9979607818165795,
      "std": 0.0
    },
    "epileptic_fall_f1": {
      "mean": 0.8847184986595175,
      "std": 0.0
    },
    "elderly_fall_f1": {
      "mean": 0.9336384439359268,
      "std": 0.0
    },
    "fall_cantgetup_f1": {
      "mean": 0.9490740740740741,
      "std": 0.0
    },
    "mutual_misclass": {
      "mean": 0.0,
      "std": 0.0
    }
  },
  "fold_results": [
    {
      "macro_f1": 0.8492907275993422,
      "f1_fall": 0.8492907275993422,
      "ece": 0.026630619612846594,
      "auprc": 0.9923019728632169,
      "cm": [
        [
          206,
          0,
          0,
          0,
          0,
          0,
          0,
          1
        ],
        [
          1,
          204,
          0,
          0,
          0,
          0,
          2,
          0
        ],
        [
          4,
          1,
          187,
          0,
          0,
          1,
          14,
          0
        ],
        [
          0,
          0,
          0,
          13,
          2,
          0,
          0,
          0
        ],
        [
          0,
          0,
          0,
          7,
          3,
          0,
          0,
          0
        ],
        [
          15,
          0,
          1,
          0,
          0,
          165,
          9,
          17
        ],
        [
          0,
          1,
          0,
          0,
          0,
          0,
          204,
          2
        ],
        [
          1,
          0,
          0,
          0,
          0,
          0,
          1,
          205
        ]
      ],
      "per_class_f1": [
        0.9493087557603687,
        0.9878934624697338,
        0.9468354430379746,
        0.7428571428571429,
        0.4,
        0.8847184986595175,
        0.9336384439359268,
        0.9490740740740741
      ],
      "falling_f1": 0.8492907275993422,
      "falling_auprc": 0.9979607818165795,
      "falling_cm": [
        [
          628,
          18
        ],
        [
          15,
          606
        ]
      ],
      "class_names": [
        "Normal_Walk",
        "Shaking",
        "Twitching",
        "Punching",
        "Kicking",
        "Epileptic_Fall",
        "Elderly_Fall",
        "Fall_CantGetUp"
      ]
    }
  ],
  "overlap_stat": {
    "mean": -0.033882618622796734,
    "std": 0.4220315193907139,
    "pairs": [
      [
        0.0,
        1.0
      ],
      [
        0.0,
        2.0
      ],
      [
        0.0,
        3.0
      ],
      [
        0.0,
        4.0
      ],
      [
        0.0,
        5.0
      ],
      [
        0.0,
        6.0
      ],
      [
        0.0,
        7.0
      ],
      [
        1.0,
        2.0
      ],
      [
        1.0,
        3.0
      ],
      [
        1.0,
        4.0
      ],
      [
        1.0,
        5.0
      ],
      [
        1.0,
        6.0
      ],
      [
        1.0,
        7.0
      ],
      [
        2.0,
        3.0
      ],
      [
        2.0,
        4.0
      ],
      [
        2.0,
        5.0
      ],
      [
        2.0,
        6.0
      ],
      [
        2.0,
        7.0
      ],
      [
        3.0,
        4.0
      ],
      [
        3.0,
        5.0
      ],
      [
        3.0,
        6.0
      ],
      [
        3.0,
        7.0
      ],
      [
        4.0,
        5.0
      ],
      [
        4.0,
        6.0
      ],
      [
        4.0,
        7.0
      ],
      [
        5.0,
        6.0
      ],
      [
        5.0,
        7.0
      ],
      [
        6.0,
        7.0
      ]
    ],
    "values": [
      0.33678724635408214,
      0.026659361207091045,
      -0.5346953439217962,
      -0.5307364078273921,
      0.11033208682750069,
      0.3231837711155044,
      0.11671415943865994,
      0.04858528827228665,
      -0.5655230341219691,
      -0.5401918095463735,
      -0.021960176813628596,
      0.3204429892397583,
      0.06503913834532864,
      -0.3817520307152464,
      -0.3576068618124458,
      0.24897825151376757,
      0.5033418081114456,
      0.1578078317388867,
      0.9988423338154787,
      -0.5110355318582097,
      -0.38412980648371686,
      -0.44144588414343705,
      -0.526327926730394,
      -0.3594214314589361,
      -0.4407025604126282,
      0.5928988979161943,
      0.37572896711179177,
      0.4214733534000888
    ]
  },
  "meta": {
    "run_id": "D3-LORO-V1-20250821-024006-77b96736",
    "phase": "D3",
    "exp": "LORO",
    "ver": "V1",
    "desc": "LORO cross-room evaluation with conformer_lite",
    "time_start": "2025-08-21T02:40:06",
    "args": {
      "model": "conformer_lite",
      "protocol": "loro",
      "seed": 3.0,
      "epochs": 100.0,
      "out": "results\\d3\\loro\\loro_conformer_lite_seed3.json",
      "resume": 0.0,
      "benchmark_path": "benchmarks\\WiFi-CSI-Sensing-Benchmark-main\\Data",
      "files_per_activity": 3.0,
      "output_dir": "results\\d3\\loro",
      "d2_model_path": "",
      "label_ratio": 1.0,
      "transfer_method": "fine_tune",
      "skip_synth_pretrain": 0.0,
      "lr": 0.001,
      "batch_size": 64.0,
      "class_weight": "inv_freq",
      "loso_all_folds": 0.0,
      "patience": 10.0,
      "min_epochs": 20.0,
      "loro_all_folds": 0.0,
      "positive_class": 5.0,
      "amp": 0.0,
      "input_norm": "zscore",
      "norm_eps": 1e-06,
      "source": "synth",
      "target": "real",
      "difficulty": "mid",
      "n_samples": 2000.0,
      "T": 128.0,
      "F": 30.0
    }
  }
}