{
  "protocol": "LORO",
  "model": "enhanced",
  "seed": 2,
  "aggregate_stats": {
    "macro_f1": {
      "mean": 0.8413359821164261,
      "std": 0.0
    },
    "falling_f1": {
      "mean": 0.8413359821164261,
      "std": 0.0
    },
    "ece": {
      "mean": 0.0031320161488268905,
      "std": 0.0
    },
    "auprc_falling": {
      "mean": 1.0,
      "std": 0.0
    },
    "epileptic_fall_f1": {
      "mean": 0.9951690821256038,
      "std": 0.0
    },
    "elderly_fall_f1": {
      "mean": 0.9951690821256038,
      "std": 0.0
    },
    "fall_cantgetup_f1": {
      "mean": 0.9975786924939467,
      "std": 0.0
    },
    "mutual_misclass": {
      "mean": 0.0,
      "std": 0.0
    }
  },
  "fold_results": [
    {
      "macro_f1": 0.8413359821164261,
      "f1_fall": 0.8413359821164261,
      "ece": 0.0031320161488268905,
      "auprc": 0.9998850808509857,
      "cm": [
        [
          207,
          0,
          0,
          0,
          0,
          0,
          0,
          0
        ],
        [
          1,
          206,
          0,
          0,
          0,
          0,
          0,
          0
        ],
        [
          0,
          0,
          207,
          0,
          0,
          0,
          0,
          0
        ],
        [
          0,
          0,
          0,
          15,
          0,
          0,
          0,
          0
        ],
        [
          0,
          0,
          0,
          10,
          0,
          0,
          0,
          0
        ],
        [
          0,
          0,
          0,
          0,
          0,
          206,
          1,
          0
        ],
        [
          1,
          0,
          0,
          0,
          0,
          0,
          206,
          0
        ],
        [
          0,
          0,
          0,
          0,
          0,
          1,
          0,
          206
        ]
      ],
      "per_class_f1": [
        0.9951923076923077,
        0.9975786924939467,
        1.0,
        0.7499999999999999,
        0.0,
        0.9951690821256038,
        0.9951690821256038,
        0.9975786924939467
      ],
      "falling_f1": 0.8413359821164261,
      "falling_auprc": 1.0,
      "falling_cm": [
        [
          646,
          0
        ],
        [
          1,
          620
        ]
      ],
      "class_names": [
        "Normal_Walk",
        "Shaking",
        "Twitching",
        "Punching",
        "Kicking",
        "Epileptic_Fall",
        "Elderly_Fall",
        "Fall_CantGetUp"
      ]
    }
  ],
  "overlap_stat": {
    "mean": -0.11613557628283093,
    "std": 0.26958051828053614,
    "pairs": [
      [
        0.0,
        1.0
      ],
      [
        0.0,
        2.0
      ],
      [
        0.0,
        3.0
      ],
      [
        0.0,
        4.0
      ],
      [
        0.0,
        5.0
      ],
      [
        0.0,
        6.0
      ],
      [
        0.0,
        7.0
      ],
      [
        1.0,
        2.0
      ],
      [
        1.0,
        3.0
      ],
      [
        1.0,
        4.0
      ],
      [
        1.0,
        5.0
      ],
      [
        1.0,
        6.0
      ],
      [
        1.0,
        7.0
      ],
      [
        2.0,
        3.0
      ],
      [
        2.0,
        4.0
      ],
      [
        2.0,
        5.0
      ],
      [
        2.0,
        6.0
      ],
      [
        2.0,
        7.0
      ],
      [
        3.0,
        4.0
      ],
      [
        3.0,
        5.0
      ],
      [
        3.0,
        6.0
      ],
      [
        3.0,
        7.0
      ],
      [
        4.0,
        5.0
      ],
      [
        4.0,
        6.0
      ],
      [
        4.0,
        7.0
      ],
      [
        5.0,
        6.0
      ],
      [
        5.0,
        7.0
      ],
      [
        6.0,
        7.0
      ]
    ],
    "values": [
      -0.24302467645761297,
      -0.02028008876654939,
      -0.07907117368639811,
      -0.07908107914992922,
      -0.37227905271655787,
      -0.1812521809890709,
      0.1074700789719821,
      -0.393993939715407,
      0.1127092855781204,
      0.11271397254320176,
      0.10916242641109729,
      -0.32114763552325615,
      -0.3621557465721811,
      -0.10297250210126713,
      -0.10296914784472332,
      -0.26267650902046813,
      -0.13344570917494,
      -0.16611317740071424,
      0.9999999224173182,
      -0.3868978923489258,
      -0.0672885120183217,
      -0.3070474188878551,
      -0.38689991902238796,
      -0.06728029643934832,
      -0.3070560136204181,
      -0.3068569795132291,
      0.016412501746782743,
      -0.06047467261820671
    ]
  },
  "meta": {
    "run_id": "D3-LORO-V1-20250821-012633-c4688508",
    "phase": "D3",
    "exp": "LORO",
    "ver": "V1",
    "desc": "LORO cross-room evaluation with enhanced",
    "time_start": "2025-08-21T01:26:33",
    "args": {
      "model": "enhanced",
      "protocol": "loro",
      "seed": 2.0,
      "epochs": 100.0,
      "out": "results\\d3\\loro\\loro_enhanced_seed2.json",
      "resume": 0.0,
      "benchmark_path": "benchmarks\\WiFi-CSI-Sensing-Benchmark-main\\Data",
      "files_per_activity": 3.0,
      "output_dir": "results\\d3\\loro",
      "d2_model_path": "",
      "label_ratio": 1.0,
      "transfer_method": "fine_tune",
      "skip_synth_pretrain": 0.0,
      "lr": 0.001,
      "batch_size": 64.0,
      "class_weight": "inv_freq",
      "loso_all_folds": 0.0,
      "patience": 10.0,
      "min_epochs": 20.0,
      "loro_all_folds": 0.0,
      "positive_class": 5.0,
      "amp": 0.0,
      "input_norm": "zscore",
      "norm_eps": 1e-06,
      "source": "synth",
      "target": "real",
      "difficulty": "mid",
      "n_samples": 2000.0,
      "T": 128.0,
      "F": 30.0
    }
  }
}