{
  "protocol": "LORO",
  "model": "enhanced",
  "seed": 3,
  "aggregate_stats": {
    "macro_f1": {
      "mean": 0.8371129966947903,
      "std": 0.0
    },
    "falling_f1": {
      "mean": 0.8371129966947903,
      "std": 0.0
    },
    "ece": {
      "mean": 0.008570644736948647,
      "std": 0.0
    },
    "auprc_falling": {
      "mean": 0.9999406015917569,
      "std": 0.0
    },
    "epileptic_fall_f1": {
      "mean": 0.9879518072289156,
      "std": 0.0
    },
    "elderly_fall_f1": {
      "mean": 0.9878345498783455,
      "std": 0.0
    },
    "fall_cantgetup_f1": {
      "mean": 0.9927360774818401,
      "std": 0.0
    },
    "mutual_misclass": {
      "mean": 0.0,
      "std": 0.0
    }
  },
  "fold_results": [
    {
      "macro_f1": 0.8371129966947903,
      "f1_fall": 0.8371129966947903,
      "ece": 0.008570644736948647,
      "auprc": 0.9995282702291572,
      "cm": [
        [
          207,
          0,
          0,
          0,
          0,
          0,
          0,
          0
        ],
        [
          1,
          205,
          0,
          0,
          0,
          1,
          0,
          0
        ],
        [
          0,
          0,
          206,
          0,
          0,
          1,
          0,
          0
        ],
        [
          0,
          0,
          0,
          15,
          0,
          0,
          0,
          0
        ],
        [
          0,
          0,
          0,
          10,
          0,
          0,
          0,
          0
        ],
        [
          1,
          0,
          1,
          0,
          0,
          205,
          0,
          0
        ],
        [
          3,
          0,
          0,
          0,
          0,
          0,
          203,
          1
        ],
        [
          0,
          0,
          0,
          0,
          0,
          1,
          1,
          205
        ]
      ],
      "per_class_f1": [
        0.9880668257756563,
        0.9951456310679612,
        0.9951690821256038,
        0.7499999999999999,
        0.0,
        0.9879518072289156,
        0.9878345498783455,
        0.9927360774818401
      ],
      "falling_f1": 0.8371129966947903,
      "falling_auprc": 0.9999406015917569,
      "falling_cm": [
        [
          644,
          2
        ],
        [
          5,
          616
        ]
      ],
      "class_names": [
        "Normal_Walk",
        "Shaking",
        "Twitching",
        "Punching",
        "Kicking",
        "Epileptic_Fall",
        "Elderly_Fall",
        "Fall_CantGetUp"
      ]
    }
  ],
  "overlap_stat": {
    "mean": -0.12336136780403258,
    "std": 0.30955996654480056,
    "pairs": [
      [
        0.0,
        1.0
      ],
      [
        0.0,
        2.0
      ],
      [
        0.0,
        3.0
      ],
      [
        0.0,
        4.0
      ],
      [
        0.0,
        5.0
      ],
      [
        0.0,
        6.0
      ],
      [
        0.0,
        7.0
      ],
      [
        1.0,
        2.0
      ],
      [
        1.0,
        3.0
      ],
      [
        1.0,
        4.0
      ],
      [
        1.0,
        5.0
      ],
      [
        1.0,
        6.0
      ],
      [
        1.0,
        7.0
      ],
      [
        2.0,
        3.0
      ],
      [
        2.0,
        4.0
      ],
      [
        2.0,
        5.0
      ],
      [
        2.0,
        6.0
      ],
      [
        2.0,
        7.0
      ],
      [
        3.0,
        4.0
      ],
      [
        3.0,
        5.0
      ],
      [
        3.0,
        6.0
      ],
      [
        3.0,
        7.0
      ],
      [
        4.0,
        5.0
      ],
      [
        4.0,
        6.0
      ],
      [
        4.0,
        7.0
      ],
      [
        5.0,
        6.0
      ],
      [
        5.0,
        7.0
      ],
      [
        6.0,
        7.0
      ]
    ],
    "values": [
      0.14320875161248262,
      -0.005295501230545837,
      -0.4855573287470226,
      -0.4855588375524786,
      -0.38002225471078754,
      -0.2521012428393143,
      -0.18757355789981864,
      -0.1004044377886126,
      0.217311660019101,
      0.2173134187479123,
      -0.5218634286086546,
      -0.5059111637668198,
      -0.41491559262241495,
      -0.2598755506561172,
      -0.2598714935802497,
      -0.3317971682376112,
      -0.18752557437275044,
      0.06820054028440517,
      1.0000000755279417,
      -0.004584607858017251,
      -0.17894673538794145,
      -0.2948194061039944,
      -0.004585073855177133,
      -0.1789464215429239,
      -0.29482350777302563,
      0.18088329082433993,
      0.10442550608371601,
      -0.05048265647853249
    ]
  },
  "meta": {
    "run_id": "D3-LORO-V1-20250821-014324-163134ab",
    "phase": "D3",
    "exp": "LORO",
    "ver": "V1",
    "desc": "LORO cross-room evaluation with enhanced",
    "time_start": "2025-08-21T01:43:24",
    "args": {
      "model": "enhanced",
      "protocol": "loro",
      "seed": 3.0,
      "epochs": 100.0,
      "out": "results\\d3\\loro\\loro_enhanced_seed3.json",
      "resume": 0.0,
      "benchmark_path": "benchmarks\\WiFi-CSI-Sensing-Benchmark-main\\Data",
      "files_per_activity": 3.0,
      "output_dir": "results\\d3\\loro",
      "d2_model_path": "",
      "label_ratio": 1.0,
      "transfer_method": "fine_tune",
      "skip_synth_pretrain": 0.0,
      "lr": 0.001,
      "batch_size": 64.0,
      "class_weight": "inv_freq",
      "loso_all_folds": 0.0,
      "patience": 10.0,
      "min_epochs": 20.0,
      "loro_all_folds": 0.0,
      "positive_class": 5.0,
      "amp": 0.0,
      "input_norm": "zscore",
      "norm_eps": 1e-06,
      "source": "synth",
      "target": "real",
      "difficulty": "mid",
      "n_samples": 2000.0,
      "T": 128.0,
      "F": 30.0
    }
  }
}