{
  "protocol": "LOSO",
  "model": "enhanced",
  "seed": 3,
  "aggregate_stats": {
    "macro_f1": {
      "mean": 0.840172739613841,
      "std": 0.0
    },
    "falling_f1": {
      "mean": 0.840172739613841,
      "std": 0.0
    },
    "ece": {
      "mean": 0.0074609252833580785,
      "std": 0.0
    },
    "auprc_falling": {
      "mean": 0.9999798756821059,
      "std": 0.0
    },
    "epileptic_fall_f1": {
      "mean": 0.9952153110047847,
      "std": 0.0
    },
    "elderly_fall_f1": {
      "mean": 0.9952606635071091,
      "std": 0.0
    },
    "fall_cantgetup_f1": {
      "mean": 1.0,
      "std": 0.0
    },
    "mutual_misclass": {
      "mean": 0.0,
      "std": 0.0
    }
  },
  "fold_results": [
    {
      "macro_f1": 0.840172739613841,
      "f1_fall": 0.840172739613841,
      "ece": 0.0074609252833580785,
      "auprc": 1.0,
      "cm": [
        [
          105,
          0,
          0,
          0,
          0,
          0,
          0,
          0
        ],
        [
          0,
          105,
          0,
          0,
          0,
          0,
          0,
          0
        ],
        [
          1,
          0,
          103,
          0,
          0,
          0,
          1,
          0
        ],
        [
          0,
          0,
          0,
          9,
          0,
          0,
          0,
          0
        ],
        [
          0,
          0,
          0,
          6,
          0,
          0,
          0,
          0
        ],
        [
          0,
          1,
          0,
          0,
          0,
          104,
          0,
          0
        ],
        [
          0,
          0,
          0,
          0,
          0,
          0,
          105,
          0
        ],
        [
          0,
          0,
          0,
          0,
          0,
          0,
          0,
          105
        ]
      ],
      "per_class_f1": [
        0.9952606635071091,
        0.9952606635071091,
        0.9903846153846153,
        0.7499999999999999,
        0.0,
        0.9952153110047847,
        0.9952606635071091,
        1.0
      ],
      "falling_f1": 0.840172739613841,
      "falling_auprc": 0.9999798756821059,
      "falling_cm": [
        [
          329,
          1
        ],
        [
          1,
          314
        ]
      ],
      "class_names": [
        "Normal_Walk",
        "Shaking",
        "Twitching",
        "Punching",
        "Kicking",
        "Epileptic_Fall",
        "Elderly_Fall",
        "Fall_CantGetUp"
      ]
    }
  ],
  "overlap_stat": {
    "mean": -0.1348474818324517,
    "std": 0.3293722888924017,
    "pairs": [
      [
        0.0,
        1.0
      ],
      [
        0.0,
        2.0
      ],
      [
        0.0,
        3.0
      ],
      [
        0.0,
        4.0
      ],
      [
        0.0,
        5.0
      ],
      [
        0.0,
        6.0
      ],
      [
        0.0,
        7.0
      ],
      [
        1.0,
        2.0
      ],
      [
        1.0,
        3.0
      ],
      [
        1.0,
        4.0
      ],
      [
        1.0,
        5.0
      ],
      [
        1.0,
        6.0
      ],
      [
        1.0,
        7.0
      ],
      [
        2.0,
        3.0
      ],
      [
        2.0,
        4.0
      ],
      [
        2.0,
        5.0
      ],
      [
        2.0,
        6.0
      ],
      [
        2.0,
        7.0
      ],
      [
        3.0,
        4.0
      ],
      [
        3.0,
        5.0
      ],
      [
        3.0,
        6.0
      ],
      [
        3.0,
        7.0
      ],
      [
        4.0,
        5.0
      ],
      [
        4.0,
        6.0
      ],
      [
        4.0,
        7.0
      ],
      [
        5.0,
        6.0
      ],
      [
        5.0,
        7.0
      ],
      [
        6.0,
        7.0
      ]
    ],
    "values": [
      0.35727821509293495,
      0.06739496099289441,
      -0.11908317078664511,
      -0.11908340697178015,
      -0.3128761162275471,
      -0.48964799216733934,
      -0.2918599557928249,
      0.2297826449442625,
      -0.3581483494120826,
      -0.3581482677179782,
      -0.018880219784363324,
      -0.15202293842196524,
      -0.4126307859291523,
      -0.3594428065785241,
      -0.35944299955999987,
      0.1291122953702466,
      -0.1838238080984065,
      -0.46930884500073566,
      0.9999999055556767,
      -0.39782476651687015,
      -0.2691042515821382,
      -0.3830798897284002,
      -0.39782486480700274,
      -0.2691039620172352,
      -0.3830798606214876,
      -0.0370311951216965,
      0.3435692842743553,
      0.23858165530515638
    ]
  },
  "meta": {
    "run_id": "D3-LOSO-V1-20250821-005804-0e6dc935",
    "phase": "D3",
    "exp": "LOSO",
    "ver": "V1",
    "desc": "LOSO cross-subject evaluation with enhanced",
    "time_start": "2025-08-21T00:58:04",
    "args": {
      "model": "enhanced",
      "protocol": "loso",
      "seed": 3.0,
      "epochs": 100.0,
      "out": "results\\d3\\loso\\loso_enhanced_seed3.json",
      "resume": 0.0,
      "benchmark_path": "benchmarks\\WiFi-CSI-Sensing-Benchmark-main\\Data",
      "files_per_activity": 3.0,
      "output_dir": "results\\d3\\loso",
      "d2_model_path": "",
      "label_ratio": 1.0,
      "transfer_method": "fine_tune",
      "skip_synth_pretrain": 0.0,
      "lr": 0.001,
      "batch_size": 64.0,
      "class_weight": "inv_freq",
      "loso_all_folds": 0.0,
      "patience": 10.0,
      "min_epochs": 20.0,
      "loro_all_folds": 0.0,
      "positive_class": 5.0,
      "amp": 0.0,
      "input_norm": "zscore",
      "norm_eps": 1e-06,
      "source": "synth",
      "target": "real",
      "difficulty": "mid",
      "n_samples": 2000.0,
      "T": 128.0,
      "F": 30.0
    }
  }
}