{
  "protocol": "LOSO",
  "model": "cnn",
  "seed": 1,
  "aggregate_stats": {
    "macro_f1": {
      "mean": 0.8401785174374972,
      "std": 0.0
    },
    "falling_f1": {
      "mean": 0.8401785174374972,
      "std": 0.0
    },
    "ece": {
      "mean": 0.0057508565658746765,
      "std": 0.0
    },
    "auprc_falling": {
      "mean": 0.9997278743253815,
      "std": 0.0
    },
    "epileptic_fall_f1": {
      "mean": 1.0,
      "std": 0.0
    },
    "elderly_fall_f1": {
      "mean": 0.9952606635071091,
      "std": 0.0
    },
    "fall_cantgetup_f1": {
      "mean": 0.9904761904761905,
      "std": 0.0
    },
    "mutual_misclass": {
      "mean": 0.0,
      "std": 0.0
    }
  },
  "fold_results": [
    {
      "macro_f1": 0.8401785174374972,
      "f1_fall": 0.8401785174374972,
      "ece": 0.0057508565658746765,
      "auprc": 1.0,
      "cm": [
        [
          104,
          1,
          0,
          0,
          0,
          0,
          0,
          0
        ],
        [
          0,
          105,
          0,
          0,
          0,
          0,
          0,
          0
        ],
        [
          0,
          0,
          104,
          0,
          0,
          0,
          0,
          1
        ],
        [
          0,
          0,
          0,
          9,
          0,
          0,
          0,
          0
        ],
        [
          0,
          0,
          0,
          6,
          0,
          0,
          0,
          0
        ],
        [
          0,
          0,
          0,
          0,
          0,
          105,
          0,
          0
        ],
        [
          0,
          0,
          0,
          0,
          0,
          0,
          105,
          0
        ],
        [
          0,
          0,
          0,
          0,
          0,
          0,
          1,
          104
        ]
      ],
      "per_class_f1": [
        0.9952153110047847,
        0.9952606635071091,
        0.9952153110047847,
        0.7499999999999999,
        0.0,
        1.0,
        0.9952606635071091,
        0.9904761904761905
      ],
      "falling_f1": 0.8401785174374972,
      "falling_auprc": 0.9997278743253815,
      "falling_cm": [
        [
          329,
          1
        ],
        [
          0,
          315
        ]
      ],
      "class_names": [
        "Normal_Walk",
        "Shaking",
        "Twitching",
        "Punching",
        "Kicking",
        "Epileptic_Fall",
        "Elderly_Fall",
        "Fall_CantGetUp"
      ]
    }
  ],
  "overlap_stat": {
    "mean": 0.1825937402455676,
    "std": 0.46075567258539424,
    "pairs": [
      [
        0.0,
        1.0
      ],
      [
        0.0,
        2.0
      ],
      [
        0.0,
        3.0
      ],
      [
        0.0,
        4.0
      ],
      [
        0.0,
        5.0
      ],
      [
        0.0,
        6.0
      ],
      [
        0.0,
        7.0
      ],
      [
        1.0,
        2.0
      ],
      [
        1.0,
        3.0
      ],
      [
        1.0,
        4.0
      ],
      [
        1.0,
        5.0
      ],
      [
        1.0,
        6.0
      ],
      [
        1.0,
        7.0
      ],
      [
        2.0,
        3.0
      ],
      [
        2.0,
        4.0
      ],
      [
        2.0,
        5.0
      ],
      [
        2.0,
        6.0
      ],
      [
        2.0,
        7.0
      ],
      [
        3.0,
        4.0
      ],
      [
        3.0,
        5.0
      ],
      [
        3.0,
        6.0
      ],
      [
        3.0,
        7.0
      ],
      [
        4.0,
        5.0
      ],
      [
        4.0,
        6.0
      ],
      [
        4.0,
        7.0
      ],
      [
        5.0,
        6.0
      ],
      [
        5.0,
        7.0
      ],
      [
        6.0,
        7.0
      ]
    ],
    "values": [
      0.831006127165126,
      0.8264927868272992,
      -0.45924764492612374,
      -0.4592736068669343,
      0.29574746939814767,
      0.34013497607950255,
      0.5196779239877368,
      0.7358793194739096,
      -0.5038961608097184,
      -0.5038920713153119,
      0.2940173465839366,
      -0.05267554124638192,
      0.43164439807481636,
      -0.35839756571868836,
      -0.35841681760746164,
      0.3013993191917429,
      0.19671297741848787,
      0.2041083774809708,
      0.9999999999730889,
      -0.06496350997436173,
      0.03503348322827836,
      -0.20228177579823847,
      -0.06487953574594094,
      0.03506371180979725,
      -0.20222412786111427,
      0.7248618896037001,
      0.8300645141540937,
      0.7409284642955339
    ]
  },
  "meta": {
    "run_id": "D3-LOSO-V1-20250821-010823-a7c70feb",
    "phase": "D3",
    "exp": "LOSO",
    "ver": "V1",
    "desc": "LOSO cross-subject evaluation with cnn",
    "time_start": "2025-08-21T01:08:23",
    "args": {
      "model": "cnn",
      "protocol": "loso",
      "seed": 1.0,
      "epochs": 100.0,
      "out": "results\\d3\\loso\\loso_cnn_seed1.json",
      "resume": 0.0,
      "benchmark_path": "benchmarks\\WiFi-CSI-Sensing-Benchmark-main\\Data",
      "files_per_activity": 3.0,
      "output_dir": "results\\d3\\loso",
      "d2_model_path": "",
      "label_ratio": 1.0,
      "transfer_method": "fine_tune",
      "skip_synth_pretrain": 0.0,
      "lr": 0.001,
      "batch_size": 64.0,
      "class_weight": "inv_freq",
      "loso_all_folds": 0.0,
      "patience": 10.0,
      "min_epochs": 20.0,
      "loro_all_folds": 0.0,
      "positive_class": 5.0,
      "amp": 0.0,
      "input_norm": "zscore",
      "norm_eps": 1e-06,
      "source": "synth",
      "target": "real",
      "difficulty": "mid",
      "n_samples": 2000.0,
      "T": 128.0,
      "F": 30.0
    }
  }
}