{
  "protocol": "LOSO",
  "model": "bilstm",
  "seed": 1,
  "aggregate_stats": {
    "macro_f1": {
      "mean": 0.8199396361905984,
      "std": 0.0
    },
    "falling_f1": {
      "mean": 0.8199396361905984,
      "std": 0.0
    },
    "ece": {
      "mean": 0.017144924864288452,
      "std": 0.0
    },
    "auprc_falling": {
      "mean": 0.9894327162521824,
      "std": 0.0
    },
    "epileptic_fall_f1": {
      "mean": 0.9714285714285714,
      "std": 0.0
    },
    "elderly_fall_f1": {
      "mean": 0.9716981132075471,
      "std": 0.0
    },
    "fall_cantgetup_f1": {
      "mean": 0.9716981132075471,
      "std": 0.0
    },
    "mutual_misclass": {
      "mean": 0.0,
      "std": 0.0
    }
  },
  "fold_results": [
    {
      "macro_f1": 0.8199396361905984,
      "f1_fall": 0.8199396361905984,
      "ece": 0.017144924864288452,
      "auprc": 0.9926095356988283,
      "cm": [
        [
          102,
          0,
          1,
          0,
          0,
          1,
          0,
          1
        ],
        [
          1,
          98,
          4,
          0,
          0,
          0,
          2,
          0
        ],
        [
          2,
          0,
          102,
          0,
          0,
          0,
          0,
          1
        ],
        [
          0,
          0,
          0,
          9,
          0,
          0,
          0,
          0
        ],
        [
          0,
          0,
          0,
          6,
          0,
          0,
          0,
          0
        ],
        [
          0,
          0,
          0,
          0,
          0,
          102,
          1,
          2
        ],
        [
          0,
          0,
          1,
          0,
          0,
          1,
          103,
          0
        ],
        [
          0,
          0,
          0,
          0,
          0,
          1,
          1,
          103
        ]
      ],
      "per_class_f1": [
        0.9714285714285714,
        0.9655172413793104,
        0.9577464788732395,
        0.7499999999999999,
        0.0,
        0.9714285714285714,
        0.9716981132075471,
        0.9716981132075471
      ],
      "falling_f1": 0.8199396361905984,
      "falling_auprc": 0.9894327162521824,
      "falling_cm": [
        [
          326,
          4
        ],
        [
          1,
          314
        ]
      ],
      "class_names": [
        "Normal_Walk",
        "Shaking",
        "Twitching",
        "Punching",
        "Kicking",
        "Epileptic_Fall",
        "Elderly_Fall",
        "Fall_CantGetUp"
      ]
    }
  ],
  "overlap_stat": {
    "mean": 0.09793279562188427,
    "std": 0.37120488607213836,
    "pairs": [
      [
        0.0,
        1.0
      ],
      [
        0.0,
        2.0
      ],
      [
        0.0,
        3.0
      ],
      [
        0.0,
        4.0
      ],
      [
        0.0,
        5.0
      ],
      [
        0.0,
        6.0
      ],
      [
        0.0,
        7.0
      ],
      [
        1.0,
        2.0
      ],
      [
        1.0,
        3.0
      ],
      [
        1.0,
        4.0
      ],
      [
        1.0,
        5.0
      ],
      [
        1.0,
        6.0
      ],
      [
        1.0,
        7.0
      ],
      [
        2.0,
        3.0
      ],
      [
        2.0,
        4.0
      ],
      [
        2.0,
        5.0
      ],
      [
        2.0,
        6.0
      ],
      [
        2.0,
        7.0
      ],
      [
        3.0,
        4.0
      ],
      [
        3.0,
        5.0
      ],
      [
        3.0,
        6.0
      ],
      [
        3.0,
        7.0
      ],
      [
        4.0,
        5.0
      ],
      [
        4.0,
        6.0
      ],
      [
        4.0,
        7.0
      ],
      [
        5.0,
        6.0
      ],
      [
        5.0,
        7.0
      ],
      [
        6.0,
        7.0
      ]
    ],
    "values": [
      0.29899738394486086,
      0.5083515189514023,
      -0.2735149872632737,
      -0.2735146617499317,
      0.37623935149287024,
      0.5257474324801923,
      0.38131099251731404,
      0.5229842435355404,
      -0.1641897919366312,
      -0.16419236388779698,
      -0.014678988994817784,
      0.5152013759348323,
      0.17601837025018488,
      -0.26774324152600937,
      -0.26774361234878874,
      0.13734656770795411,
      0.17607370514019935,
      0.4480505622629626,
      0.9999999999791632,
      -0.3501737457887,
      -0.30637494111386177,
      -0.32112141906334296,
      -0.350172718774359,
      -0.3063744342863789,
      -0.3211210938905873,
      0.3408673150642161,
      0.4925990829530944,
      0.223246375822452
    ]
  },
  "meta": {
    "run_id": "D3-LOSO-V1-20250821-011541-f2d2669f",
    "phase": "D3",
    "exp": "LOSO",
    "ver": "V1",
    "desc": "LOSO cross-subject evaluation with bilstm",
    "time_start": "2025-08-21T01:15:41",
    "args": {
      "model": "bilstm",
      "protocol": "loso",
      "seed": 1.0,
      "epochs": 100.0,
      "out": "results\\d3\\loso\\loso_bilstm_seed1.json",
      "resume": 0.0,
      "benchmark_path": "benchmarks\\WiFi-CSI-Sensing-Benchmark-main\\Data",
      "files_per_activity": 3.0,
      "output_dir": "results\\d3\\loso",
      "d2_model_path": "",
      "label_ratio": 1.0,
      "transfer_method": "fine_tune",
      "skip_synth_pretrain": 0.0,
      "lr": 0.001,
      "batch_size": 64.0,
      "class_weight": "inv_freq",
      "loso_all_folds": 0.0,
      "patience": 10.0,
      "min_epochs": 20.0,
      "loro_all_folds": 0.0,
      "positive_class": 5.0,
      "amp": 0.0,
      "input_norm": "zscore",
      "norm_eps": 1e-06,
      "source": "synth",
      "target": "real",
      "difficulty": "mid",
      "n_samples": 2000.0,
      "T": 128.0,
      "F": 30.0
    }
  }
}