{
  "protocol": "LOSO",
  "model": "enhanced",
  "seed": 1,
  "aggregate_stats": {
    "macro_f1": {
      "mean": 0.8378032071237983,
      "std": 0.0
    },
    "falling_f1": {
      "mean": 0.8378032071237983,
      "std": 0.0
    },
    "ece": {
      "mean": 0.00619079604629395,
      "std": 0.0
    },
    "auprc_falling": {
      "mean": 0.9999598785327333,
      "std": 0.0
    },
    "epileptic_fall_f1": {
      "mean": 0.9952153110047847,
      "std": 0.0
    },
    "elderly_fall_f1": {
      "mean": 0.9952153110047847,
      "std": 0.0
    },
    "fall_cantgetup_f1": {
      "mean": 0.9952606635071091,
      "std": 0.0
    },
    "mutual_misclass": {
      "mean": 0.0,
      "std": 0.0
    }
  },
  "fold_results": [
    {
      "macro_f1": 0.8378032071237983,
      "f1_fall": 0.8378032071237983,
      "ece": 0.00619079604629395,
      "auprc": 0.9996505024027958,
      "cm": [
        [
          104,
          0,
          0,
          0,
          0,
          0,
          0,
          1
        ],
        [
          1,
          104,
          0,
          0,
          0,
          0,
          0,
          0
        ],
        [
          1,
          0,
          104,
          0,
          0,
          0,
          0,
          0
        ],
        [
          0,
          0,
          0,
          9,
          0,
          0,
          0,
          0
        ],
        [
          0,
          0,
          0,
          6,
          0,
          0,
          0,
          0
        ],
        [
          0,
          1,
          0,
          0,
          0,
          104,
          0,
          0
        ],
        [
          0,
          0,
          1,
          0,
          0,
          0,
          104,
          0
        ],
        [
          0,
          0,
          0,
          0,
          0,
          0,
          0,
          105
        ]
      ],
      "per_class_f1": [
        0.9857819905213271,
        0.9904761904761905,
        0.9904761904761905,
        0.7499999999999999,
        0.0,
        0.9952153110047847,
        0.9952153110047847,
        0.9952606635071091
      ],
      "falling_f1": 0.8378032071237983,
      "falling_auprc": 0.9999598785327333,
      "falling_cm": [
        [
          329,
          1
        ],
        [
          2,
          313
        ]
      ],
      "class_names": [
        "Normal_Walk",
        "Shaking",
        "Twitching",
        "Punching",
        "Kicking",
        "Epileptic_Fall",
        "Elderly_Fall",
        "Fall_CantGetUp"
      ]
    }
  ],
  "overlap_stat": {
    "mean": -0.1181401129366851,
    "std": 0.3380589475646094,
    "pairs": [
      [
        0.0,
        1.0
      ],
      [
        0.0,
        2.0
      ],
      [
        0.0,
        3.0
      ],
      [
        0.0,
        4.0
      ],
      [
        0.0,
        5.0
      ],
      [
        0.0,
        6.0
      ],
      [
        0.0,
        7.0
      ],
      [
        1.0,
        2.0
      ],
      [
        1.0,
        3.0
      ],
      [
        1.0,
        4.0
      ],
      [
        1.0,
        5.0
      ],
      [
        1.0,
        6.0
      ],
      [
        1.0,
        7.0
      ],
      [
        2.0,
        3.0
      ],
      [
        2.0,
        4.0
      ],
      [
        2.0,
        5.0
      ],
      [
        2.0,
        6.0
      ],
      [
        2.0,
        7.0
      ],
      [
        3.0,
        4.0
      ],
      [
        3.0,
        5.0
      ],
      [
        3.0,
        6.0
      ],
      [
        3.0,
        7.0
      ],
      [
        4.0,
        5.0
      ],
      [
        4.0,
        6.0
      ],
      [
        4.0,
        7.0
      ],
      [
        5.0,
        6.0
      ],
      [
        5.0,
        7.0
      ],
      [
        6.0,
        7.0
      ]
    ],
    "values": [
      0.18725396557053428,
      -0.007997045918439664,
      -0.4491552893615005,
      -0.44915404344181037,
      -0.5385346680773424,
      -0.4803687433382594,
      -0.07572669665611928,
      -0.15714110664858214,
      -0.25612256089527496,
      -0.25612126644139577,
      -0.14889999637801518,
      -0.13649583248910158,
      -0.6068223922559954,
      -0.6400279497224569,
      -0.6400289824779264,
      0.017258470727832043,
      -0.05611487710385015,
      -0.06384260499312858,
      1.0000001091639363,
      0.005244260548281056,
      -0.047729097771727576,
      -0.03781033115612643,
      0.005244196576330447,
      -0.04772978000265782,
      -0.037811633190844664,
      0.3985090790945618,
      -0.044088641546205454,
      0.256290295958102
    ]
  },
  "meta": {
    "run_id": "D3-LOSO-V1-20250821-004800-df2cec65",
    "phase": "D3",
    "exp": "LOSO",
    "ver": "V1",
    "desc": "LOSO cross-subject evaluation with enhanced",
    "time_start": "2025-08-21T00:48:00",
    "args": {
      "model": "enhanced",
      "protocol": "loso",
      "seed": 1.0,
      "epochs": 100.0,
      "out": "results\\d3\\loso\\loso_enhanced_seed1.json",
      "resume": 0.0,
      "benchmark_path": "benchmarks\\WiFi-CSI-Sensing-Benchmark-main\\Data",
      "files_per_activity": 3.0,
      "output_dir": "results\\d3\\loso",
      "d2_model_path": "",
      "label_ratio": 1.0,
      "transfer_method": "fine_tune",
      "skip_synth_pretrain": 0.0,
      "lr": 0.001,
      "batch_size": 64.0,
      "class_weight": "inv_freq",
      "loso_all_folds": 0.0,
      "patience": 10.0,
      "min_epochs": 20.0,
      "loro_all_folds": 0.0,
      "positive_class": 5.0,
      "amp": 0.0,
      "input_norm": "zscore",
      "norm_eps": 1e-06,
      "source": "synth",
      "target": "real",
      "difficulty": "mid",
      "n_samples": 2000.0,
      "T": 128.0,
      "F": 30.0
    }
  }
}