{
  "protocol": "LOSO",
  "model": "cnn",
  "seed": 0,
  "aggregate_stats": {
    "macro_f1": {
      "mean": 0.8910711586013649,
      "std": 0.0
    },
    "falling_f1": {
      "mean": 0.8910711586013649,
      "std": 0.0
    },
    "ece": {
      "mean": 0.010139122351195462,
      "std": 0.0
    },
    "auprc_falling": {
      "mean": 1.0,
      "std": 0.0
    },
    "epileptic_fall_f1": {
      "mean": 0.9903846153846153,
      "std": 0.0
    },
    "elderly_fall_f1": {
      "mean": 0.9952606635071091,
      "std": 0.0
    },
    "fall_cantgetup_f1": {
      "mean": 0.9952606635071091,
      "std": 0.0
    },
    "mutual_misclass": {
      "mean": 0.0,
      "std": 0.0
    }
  },
  "fold_results": [
    {
      "macro_f1": 0.8910711586013649,
      "f1_fall": 0.8910711586013649,
      "ece": 0.010139122351195462,
      "auprc": 1.0,
      "cm": [
        [
          104,
          1,
          0,
          0,
          0,
          0,
          0,
          0
        ],
        [
          0,
          105,
          0,
          0,
          0,
          0,
          0,
          0
        ],
        [
          0,
          1,
          104,
          0,
          0,
          0,
          0,
          0
        ],
        [
          0,
          0,
          0,
          3,
          6,
          0,
          0,
          0
        ],
        [
          0,
          0,
          0,
          0,
          6,
          0,
          0,
          0
        ],
        [
          0,
          0,
          0,
          0,
          0,
          103,
          1,
          1
        ],
        [
          0,
          0,
          0,
          0,
          0,
          0,
          105,
          0
        ],
        [
          0,
          0,
          0,
          0,
          0,
          0,
          0,
          105
        ]
      ],
      "per_class_f1": [
        0.9952153110047847,
        0.9905660377358491,
        0.9952153110047847,
        0.5,
        0.6666666666666666,
        0.9903846153846153,
        0.9952606635071091,
        0.9952606635071091
      ],
      "falling_f1": 0.8910711586013649,
      "falling_auprc": 1.0,
      "falling_cm": [
        [
          330,
          0
        ],
        [
          0,
          315
        ]
      ],
      "class_names": [
        "Normal_Walk",
        "Shaking",
        "Twitching",
        "Punching",
        "Kicking",
        "Epileptic_Fall",
        "Elderly_Fall",
        "Fall_CantGetUp"
      ]
    }
  ],
  "overlap_stat": {
    "mean": 0.12982591554419873,
    "std": 0.39138412285323376,
    "pairs": [
      [
        0.0,
        1.0
      ],
      [
        0.0,
        2.0
      ],
      [
        0.0,
        3.0
      ],
      [
        0.0,
        4.0
      ],
      [
        0.0,
        5.0
      ],
      [
        0.0,
        6.0
      ],
      [
        0.0,
        7.0
      ],
      [
        1.0,
        2.0
      ],
      [
        1.0,
        3.0
      ],
      [
        1.0,
        4.0
      ],
      [
        1.0,
        5.0
      ],
      [
        1.0,
        6.0
      ],
      [
        1.0,
        7.0
      ],
      [
        2.0,
        3.0
      ],
      [
        2.0,
        4.0
      ],
      [
        2.0,
        5.0
      ],
      [
        2.0,
        6.0
      ],
      [
        2.0,
        7.0
      ],
      [
        3.0,
        4.0
      ],
      [
        3.0,
        5.0
      ],
      [
        3.0,
        6.0
      ],
      [
        3.0,
        7.0
      ],
      [
        4.0,
        5.0
      ],
      [
        4.0,
        6.0
      ],
      [
        4.0,
        7.0
      ],
      [
        5.0,
        6.0
      ],
      [
        5.0,
        7.0
      ],
      [
        6.0,
        7.0
      ]
    ],
    "values": [
      0.4792899788540937,
      0.7083119324546786,
      -0.32787466957040673,
      -0.32791866122848695,
      0.3750961277194589,
      0.37922830143351227,
      0.404794786714146,
      0.2165989200792614,
      -0.3604764499707908,
      -0.36057405155345407,
      -0.21562317373056655,
      -0.2464427233136283,
      -0.050295551998900415,
      -0.2921174836001298,
      -0.2921734602862905,
      0.15673056326618115,
      0.3784107830809891,
      0.08923126054125646,
      1.000000082856353,
      -0.06905600127759659,
      -0.07815982041044166,
      0.02816957012276189,
      -0.06896932022541126,
      -0.07809574458315902,
      0.028255177149628944,
      0.7785225234028817,
      0.792979509879753,
      0.5872832294318716
    ]
  },
  "meta": {
    "run_id": "D3-LOSO-V1-20250821-010749-72135607",
    "phase": "D3",
    "exp": "LOSO",
    "ver": "V1",
    "desc": "LOSO cross-subject evaluation with cnn",
    "time_start": "2025-08-21T01:07:49",
    "args": {
      "model": "cnn",
      "protocol": "loso",
      "seed": 0.0,
      "epochs": 100.0,
      "out": "results\\d3\\loso\\loso_cnn_seed0.json",
      "resume": 0.0,
      "benchmark_path": "benchmarks\\WiFi-CSI-Sensing-Benchmark-main\\Data",
      "files_per_activity": 3.0,
      "output_dir": "results\\d3\\loso",
      "d2_model_path": "",
      "label_ratio": 1.0,
      "transfer_method": "fine_tune",
      "skip_synth_pretrain": 0.0,
      "lr": 0.001,
      "batch_size": 64.0,
      "class_weight": "inv_freq",
      "loso_all_folds": 0.0,
      "patience": 10.0,
      "min_epochs": 20.0,
      "loro_all_folds": 0.0,
      "positive_class": 5.0,
      "amp": 0.0,
      "input_norm": "zscore",
      "norm_eps": 1e-06,
      "source": "synth",
      "target": "real",
      "difficulty": "mid",
      "n_samples": 2000.0,
      "T": 128.0,
      "F": 30.0
    }
  }
}