{
  "protocol": "LOSO",
  "model": "cnn",
  "seed": 2,
  "aggregate_stats": {
    "macro_f1": {
      "mean": 0.8401728483747066,
      "std": 0.0
    },
    "falling_f1": {
      "mean": 0.8401728483747066,
      "std": 0.0
    },
    "ece": {
      "mean": 0.008044936398203058,
      "std": 0.0
    },
    "auprc_falling": {
      "mean": 0.9996616193994114,
      "std": 0.0
    },
    "epileptic_fall_f1": {
      "mean": 0.9904761904761905,
      "std": 0.0
    },
    "elderly_fall_f1": {
      "mean": 1.0,
      "std": 0.0
    },
    "fall_cantgetup_f1": {
      "mean": 1.0,
      "std": 0.0
    },
    "mutual_misclass": {
      "mean": 0.0,
      "std": 0.0
    }
  },
  "fold_results": [
    {
      "macro_f1": 0.8401728483747066,
      "f1_fall": 0.8401728483747066,
      "ece": 0.008044936398203058,
      "auprc": 0.9993944965373536,
      "cm": [
        [
          105,
          0,
          0,
          0,
          0,
          0,
          0,
          0
        ],
        [
          0,
          105,
          0,
          0,
          0,
          0,
          0,
          0
        ],
        [
          0,
          1,
          103,
          0,
          0,
          1,
          0,
          0
        ],
        [
          0,
          0,
          0,
          9,
          0,
          0,
          0,
          0
        ],
        [
          0,
          0,
          0,
          6,
          0,
          0,
          0,
          0
        ],
        [
          0,
          0,
          1,
          0,
          0,
          104,
          0,
          0
        ],
        [
          0,
          0,
          0,
          0,
          0,
          0,
          105,
          0
        ],
        [
          0,
          0,
          0,
          0,
          0,
          0,
          0,
          105
        ]
      ],
      "per_class_f1": [
        1.0,
        0.9952606635071091,
        0.985645933014354,
        0.7499999999999999,
        0.0,
        0.9904761904761905,
        1.0,
        1.0
      ],
      "falling_f1": 0.8401728483747066,
      "falling_auprc": 0.9996616193994114,
      "falling_cm": [
        [
          329,
          1
        ],
        [
          1,
          314
        ]
      ],
      "class_names": [
        "Normal_Walk",
        "Shaking",
        "Twitching",
        "Punching",
        "Kicking",
        "Epileptic_Fall",
        "Elderly_Fall",
        "Fall_CantGetUp"
      ]
    }
  ],
  "overlap_stat": {
    "mean": 0.3429300249405137,
    "std": 0.3916751052789451,
    "pairs": [
      [
        0.0,
        1.0
      ],
      [
        0.0,
        2.0
      ],
      [
        0.0,
        3.0
      ],
      [
        0.0,
        4.0
      ],
      [
        0.0,
        5.0
      ],
      [
        0.0,
        6.0
      ],
      [
        0.0,
        7.0
      ],
      [
        1.0,
        2.0
      ],
      [
        1.0,
        3.0
      ],
      [
        1.0,
        4.0
      ],
      [
        1.0,
        5.0
      ],
      [
        1.0,
        6.0
      ],
      [
        1.0,
        7.0
      ],
      [
        2.0,
        3.0
      ],
      [
        2.0,
        4.0
      ],
      [
        2.0,
        5.0
      ],
      [
        2.0,
        6.0
      ],
      [
        2.0,
        7.0
      ],
      [
        3.0,
        4.0
      ],
      [
        3.0,
        5.0
      ],
      [
        3.0,
        6.0
      ],
      [
        3.0,
        7.0
      ],
      [
        4.0,
        5.0
      ],
      [
        4.0,
        6.0
      ],
      [
        4.0,
        7.0
      ],
      [
        5.0,
        6.0
      ],
      [
        5.0,
        7.0
      ],
      [
        6.0,
        7.0
      ]
    ],
    "values": [
      0.8157517664758734,
      0.841793507713583,
      -0.18786088457400066,
      -0.18792298878357205,
      0.5163053400588408,
      0.6975666870163871,
      0.6589348362418663,
      0.8065239236488859,
      -0.10155235970402482,
      -0.10153427132531363,
      0.4668873355583603,
      0.41621068207765277,
      0.3766998371892895,
      -0.13173039957680838,
      -0.13178227473201048,
      0.2965432012603739,
      0.5320649162442284,
      0.5478824771631927,
      0.9999999998847358,
      0.1078558010548205,
      -0.08950415325242747,
      -0.008907321053349534,
      0.10793279730377833,
      -0.08949136418706423,
      -0.008933115836312835,
      0.8005097006767371,
      0.7975155388037409,
      0.8542814829869231
    ]
  },
  "meta": {
    "run_id": "D3-LOSO-V1-20250821-010907-7d4909f1",
    "phase": "D3",
    "exp": "LOSO",
    "ver": "V1",
    "desc": "LOSO cross-subject evaluation with cnn",
    "time_start": "2025-08-21T01:09:07",
    "args": {
      "model": "cnn",
      "protocol": "loso",
      "seed": 2.0,
      "epochs": 100.0,
      "out": "results\\d3\\loso\\loso_cnn_seed2.json",
      "resume": 0.0,
      "benchmark_path": "benchmarks\\WiFi-CSI-Sensing-Benchmark-main\\Data",
      "files_per_activity": 3.0,
      "output_dir": "results\\d3\\loso",
      "d2_model_path": "",
      "label_ratio": 1.0,
      "transfer_method": "fine_tune",
      "skip_synth_pretrain": 0.0,
      "lr": 0.001,
      "batch_size": 64.0,
      "class_weight": "inv_freq",
      "loso_all_folds": 0.0,
      "patience": 10.0,
      "min_epochs": 20.0,
      "loro_all_folds": 0.0,
      "positive_class": 5.0,
      "amp": 0.0,
      "input_norm": "zscore",
      "norm_eps": 1e-06,
      "source": "synth",
      "target": "real",
      "difficulty": "mid",
      "n_samples": 2000.0,
      "T": 128.0,
      "F": 30.0
    }
  }
}