{
  "protocol": "LOSO",
  "model": "conformer_lite",
  "seed": 1,
  "aggregate_stats": {
    "macro_f1": {
      "mean": 0.14059904972931364,
      "std": 0.0
    },
    "falling_f1": {
      "mean": 0.14059904972931364,
      "std": 0.0
    },
    "ece": {
      "mean": 0.02005149079847706,
      "std": 0.0
    },
    "auprc_falling": {
      "mean": 0.4993177991898987,
      "std": 0.0
    },
    "epileptic_fall_f1": {
      "mean": 0.21483375959079282,
      "std": 0.0
    },
    "elderly_fall_f1": {
      "mean": 0.0,
      "std": 0.0
    },
    "fall_cantgetup_f1": {
      "mean": 0.0,
      "std": 0.0
    },
    "mutual_misclass": {
      "mean": 0.0,
      "std": 0.0
    }
  },
  "fold_results": [
    {
      "macro_f1": 0.14059904972931364,
      "f1_fall": 0.14059904972931364,
      "ece": 0.02005149079847706,
      "auprc": 0.1758656994849077,
      "cm": [
        [
          0,
          17,
          0,
          0,
          0,
          88,
          0,
          0
        ],
        [
          0,
          76,
          0,
          0,
          0,
          29,
          0,
          0
        ],
        [
          0,
          58,
          0,
          0,
          0,
          47,
          0,
          0
        ],
        [
          0,
          0,
          0,
          0,
          9,
          0,
          0,
          0
        ],
        [
          0,
          0,
          0,
          0,
          6,
          0,
          0,
          0
        ],
        [
          0,
          63,
          0,
          0,
          0,
          42,
          0,
          0
        ],
        [
          0,
          68,
          0,
          0,
          0,
          37,
          0,
          0
        ],
        [
          0,
          62,
          0,
          0,
          0,
          43,
          0,
          0
        ]
      ],
      "per_class_f1": [
        0.0,
        0.33853006681514475,
        0.0,
        0.0,
        0.5714285714285715,
        0.21483375959079282,
        0.0,
        0.0
      ],
      "falling_f1": 0.14059904972931364,
      "falling_auprc": 0.4993177991898987,
      "falling_cm": [
        [
          54,
          276
        ],
        [
          49,
          266
        ]
      ],
      "class_names": [
        "Normal_Walk",
        "Shaking",
        "Twitching",
        "Punching",
        "Kicking",
        "Epileptic_Fall",
        "Elderly_Fall",
        "Fall_CantGetUp"
      ]
    }
  ],
  "overlap_stat": {
    "mean": 0.1430484633590429,
    "std": 0.9895223676370832,
    "pairs": [
      [
        0.0,
        1.0
      ],
      [
        0.0,
        2.0
      ],
      [
        0.0,
        3.0
      ],
      [
        0.0,
        4.0
      ],
      [
        0.0,
        5.0
      ],
      [
        0.0,
        6.0
      ],
      [
        0.0,
        7.0
      ],
      [
        1.0,
        2.0
      ],
      [
        1.0,
        3.0
      ],
      [
        1.0,
        4.0
      ],
      [
        1.0,
        5.0
      ],
      [
        1.0,
        6.0
      ],
      [
        1.0,
        7.0
      ],
      [
        2.0,
        3.0
      ],
      [
        2.0,
        4.0
      ],
      [
        2.0,
        5.0
      ],
      [
        2.0,
        6.0
      ],
      [
        2.0,
        7.0
      ],
      [
        3.0,
        4.0
      ],
      [
        3.0,
        5.0
      ],
      [
        3.0,
        6.0
      ],
      [
        3.0,
        7.0
      ],
      [
        4.0,
        5.0
      ],
      [
        4.0,
        6.0
      ],
      [
        4.0,
        7.0
      ],
      [
        5.0,
        6.0
      ],
      [
        5.0,
        7.0
      ],
      [
        6.0,
        7.0
      ]
    ],
    "values": [
      0.999999874393578,
      1.00000006255659,
      -0.9995533644324195,
      -0.9995536310988592,
      0.9999999998355806,
      0.9999998743936016,
      0.9999999998355805,
      0.9999999371147291,
      -0.9995532488428619,
      -0.9995537489209804,
      0.9999999371147174,
      0.9999998743939167,
      0.9999998743938379,
      -0.9995533655273328,
      -0.9995537488688905,
      1.0000000625564525,
      0.9999999998355811,
      0.999999999835581,
      1.000000108485179,
      -0.9995534821597057,
      -0.9995534823682056,
      -0.9995534821075808,
      -0.9995537488168005,
      -0.9995536322972446,
      -0.9995536320367265,
      0.9999999998355811,
      0.999999999835581,
      0.9999999371147212
    ]
  },
  "meta": {
    "run_id": "D3-LOSO-V1-20250821-013310-7ada5ada",
    "phase": "D3",
    "exp": "LOSO",
    "ver": "V1",
    "desc": "LOSO cross-subject evaluation with conformer_lite",
    "time_start": "2025-08-21T01:33:10",
    "args": {
      "model": "conformer_lite",
      "protocol": "loso",
      "seed": 1.0,
      "epochs": 100.0,
      "out": "results\\d3\\loso\\loso_conformer_lite_seed1.json",
      "resume": 0.0,
      "benchmark_path": "benchmarks\\WiFi-CSI-Sensing-Benchmark-main\\Data",
      "files_per_activity": 3.0,
      "output_dir": "results\\d3\\loso",
      "d2_model_path": "",
      "label_ratio": 1.0,
      "transfer_method": "fine_tune",
      "skip_synth_pretrain": 0.0,
      "lr": 0.001,
      "batch_size": 64.0,
      "class_weight": "inv_freq",
      "loso_all_folds": 0.0,
      "patience": 10.0,
      "min_epochs": 20.0,
      "loro_all_folds": 0.0,
      "positive_class": 5.0,
      "amp": 0.0,
      "input_norm": "zscore",
      "norm_eps": 1e-06,
      "source": "synth",
      "target": "real",
      "difficulty": "mid",
      "n_samples": 2000.0,
      "T": 128.0,
      "F": 30.0
    }
  }
}