{
  "protocol": "LOSO",
  "model": "bilstm",
  "seed": 2,
  "aggregate_stats": {
    "macro_f1": {
      "mean": 0.8247061799192315,
      "std": 0.0
    },
    "falling_f1": {
      "mean": 0.8247061799192315,
      "std": 0.0
    },
    "ece": {
      "mean": 0.017885898712069512,
      "std": 0.0
    },
    "auprc_falling": {
      "mean": 0.9991872170987777,
      "std": 0.0
    },
    "epileptic_fall_f1": {
      "mean": 0.9569377990430622,
      "std": 0.0
    },
    "elderly_fall_f1": {
      "mean": 0.9719626168224299,
      "std": 0.0
    },
    "fall_cantgetup_f1": {
      "mean": 0.9714285714285714,
      "std": 0.0
    },
    "mutual_misclass": {
      "mean": 0.0,
      "std": 0.0
    }
  },
  "fold_results": [
    {
      "macro_f1": 0.8247061799192315,
      "f1_fall": 0.8247061799192315,
      "ece": 0.017885898712069512,
      "auprc": 0.981467698833489,
      "cm": [
        [
          103,
          0,
          0,
          0,
          0,
          0,
          1,
          1
        ],
        [
          0,
          104,
          0,
          0,
          0,
          1,
          0,
          0
        ],
        [
          0,
          1,
          101,
          0,
          0,
          1,
          0,
          2
        ],
        [
          0,
          0,
          0,
          9,
          0,
          0,
          0,
          0
        ],
        [
          0,
          0,
          0,
          6,
          0,
          0,
          0,
          0
        ],
        [
          0,
          1,
          1,
          0,
          0,
          100,
          3,
          0
        ],
        [
          0,
          0,
          0,
          0,
          0,
          1,
          104,
          0
        ],
        [
          0,
          0,
          1,
          0,
          0,
          1,
          1,
          102
        ]
      ],
      "per_class_f1": [
        0.9903846153846153,
        0.9857819905213271,
        0.9711538461538461,
        0.7499999999999999,
        0.0,
        0.9569377990430622,
        0.9719626168224299,
        0.9714285714285714
      ],
      "falling_f1": 0.8247061799192315,
      "falling_auprc": 0.9991872170987777,
      "falling_cm": [
        [
          324,
          6
        ],
        [
          3,
          312
        ]
      ],
      "class_names": [
        "Normal_Walk",
        "Shaking",
        "Twitching",
        "Punching",
        "Kicking",
        "Epileptic_Fall",
        "Elderly_Fall",
        "Fall_CantGetUp"
      ]
    }
  ],
  "overlap_stat": {
    "mean": 0.03601807517188376,
    "std": 0.4619708990017128,
    "pairs": [
      [
        0.0,
        1.0
      ],
      [
        0.0,
        2.0
      ],
      [
        0.0,
        3.0
      ],
      [
        0.0,
        4.0
      ],
      [
        0.0,
        5.0
      ],
      [
        0.0,
        6.0
      ],
      [
        0.0,
        7.0
      ],
      [
        1.0,
        2.0
      ],
      [
        1.0,
        3.0
      ],
      [
        1.0,
        4.0
      ],
      [
        1.0,
        5.0
      ],
      [
        1.0,
        6.0
      ],
      [
        1.0,
        7.0
      ],
      [
        2.0,
        3.0
      ],
      [
        2.0,
        4.0
      ],
      [
        2.0,
        5.0
      ],
      [
        2.0,
        6.0
      ],
      [
        2.0,
        7.0
      ],
      [
        3.0,
        4.0
      ],
      [
        3.0,
        5.0
      ],
      [
        3.0,
        6.0
      ],
      [
        3.0,
        7.0
      ],
      [
        4.0,
        5.0
      ],
      [
        4.0,
        6.0
      ],
      [
        4.0,
        7.0
      ],
      [
        5.0,
        6.0
      ],
      [
        5.0,
        7.0
      ],
      [
        6.0,
        7.0
      ]
    ],
    "values": [
      0.10059077987771482,
      0.44313651249010977,
      -0.43965052239322305,
      -0.4396505476119909,
      0.34614581583504117,
      0.5178813652668651,
      0.549076820923155,
      0.41381717199396323,
      -0.4193547260960532,
      -0.41935475640846925,
      0.4665212348835606,
      0.5271543630927921,
      0.11657365312666086,
      -0.39801957330013193,
      -0.3980196305668416,
      0.08030491019797406,
      0.3477978237606872,
      0.39183968815283793,
      0.9999999999613685,
      -0.5056888212622065,
      -0.5747551370833728,
      -0.43691162648419424,
      -0.5056887766014452,
      -0.5747552375188278,
      -0.4369116150566461,
      0.3954836628118605,
      0.5269605696597073,
      0.33398270316184975
    ]
  },
  "meta": {
    "run_id": "D3-LOSO-V1-20250821-011947-ac5e93c8",
    "phase": "D3",
    "exp": "LOSO",
    "ver": "V1",
    "desc": "LOSO cross-subject evaluation with bilstm",
    "time_start": "2025-08-21T01:19:47",
    "args": {
      "model": "bilstm",
      "protocol": "loso",
      "seed": 2.0,
      "epochs": 100.0,
      "out": "results\\d3\\loso\\loso_bilstm_seed2.json",
      "resume": 0.0,
      "benchmark_path": "benchmarks\\WiFi-CSI-Sensing-Benchmark-main\\Data",
      "files_per_activity": 3.0,
      "output_dir": "results\\d3\\loso",
      "d2_model_path": "",
      "label_ratio": 1.0,
      "transfer_method": "fine_tune",
      "skip_synth_pretrain": 0.0,
      "lr": 0.001,
      "batch_size": 64.0,
      "class_weight": "inv_freq",
      "loso_all_folds": 0.0,
      "patience": 10.0,
      "min_epochs": 20.0,
      "loro_all_folds": 0.0,
      "positive_class": 5.0,
      "amp": 0.0,
      "input_norm": "zscore",
      "norm_eps": 1e-06,
      "source": "synth",
      "target": "real",
      "difficulty": "mid",
      "n_samples": 2000.0,
      "T": 128.0,
      "F": 30.0
    }
  }
}