{
  "protocol": "LOSO",
  "model": "enhanced",
  "seed": 4,
  "aggregate_stats": {
    "macro_f1": {
      "mean": 0.8425594968139867,
      "std": 0.0
    },
    "falling_f1": {
      "mean": 0.8425594968139867,
      "std": 0.0
    },
    "ece": {
      "mean": 0.004943399743516316,
      "std": 0.0
    },
    "auprc_falling": {
      "mean": 1.0,
      "std": 0.0
    },
    "epileptic_fall_f1": {
      "mean": 0.9952606635071091,
      "std": 0.0
    },
    "elderly_fall_f1": {
      "mean": 1.0,
      "std": 0.0
    },
    "fall_cantgetup_f1": {
      "mean": 1.0,
      "std": 0.0
    },
    "mutual_misclass": {
      "mean": 0.0,
      "std": 0.0
    }
  },
  "fold_results": [
    {
      "macro_f1": 0.8425594968139867,
      "f1_fall": 0.8425594968139867,
      "ece": 0.004943399743516316,
      "auprc": 0.9999999999999999,
      "cm": [
        [
          105,
          0,
          0,
          0,
          0,
          0,
          0,
          0
        ],
        [
          0,
          105,
          0,
          0,
          0,
          0,
          0,
          0
        ],
        [
          0,
          0,
          104,
          0,
          0,
          1,
          0,
          0
        ],
        [
          0,
          0,
          0,
          9,
          0,
          0,
          0,
          0
        ],
        [
          0,
          0,
          0,
          6,
          0,
          0,
          0,
          0
        ],
        [
          0,
          0,
          0,
          0,
          0,
          105,
          0,
          0
        ],
        [
          0,
          0,
          0,
          0,
          0,
          0,
          105,
          0
        ],
        [
          0,
          0,
          0,
          0,
          0,
          0,
          0,
          105
        ]
      ],
      "per_class_f1": [
        1.0,
        1.0,
        0.9952153110047847,
        0.7499999999999999,
        0.0,
        0.9952606635071091,
        1.0,
        1.0
      ],
      "falling_f1": 0.8425594968139867,
      "falling_auprc": 1.0,
      "falling_cm": [
        [
          329,
          1
        ],
        [
          0,
          315
        ]
      ],
      "class_names": [
        "Normal_Walk",
        "Shaking",
        "Twitching",
        "Punching",
        "Kicking",
        "Epileptic_Fall",
        "Elderly_Fall",
        "Fall_CantGetUp"
      ]
    }
  ],
  "overlap_stat": {
    "mean": -0.10525814947789706,
    "std": 0.40661994787385725,
    "pairs": [
      [
        0.0,
        1.0
      ],
      [
        0.0,
        2.0
      ],
      [
        0.0,
        3.0
      ],
      [
        0.0,
        4.0
      ],
      [
        0.0,
        5.0
      ],
      [
        0.0,
        6.0
      ],
      [
        0.0,
        7.0
      ],
      [
        1.0,
        2.0
      ],
      [
        1.0,
        3.0
      ],
      [
        1.0,
        4.0
      ],
      [
        1.0,
        5.0
      ],
      [
        1.0,
        6.0
      ],
      [
        1.0,
        7.0
      ],
      [
        2.0,
        3.0
      ],
      [
        2.0,
        4.0
      ],
      [
        2.0,
        5.0
      ],
      [
        2.0,
        6.0
      ],
      [
        2.0,
        7.0
      ],
      [
        3.0,
        4.0
      ],
      [
        3.0,
        5.0
      ],
      [
        3.0,
        6.0
      ],
      [
        3.0,
        7.0
      ],
      [
        4.0,
        5.0
      ],
      [
        4.0,
        6.0
      ],
      [
        4.0,
        7.0
      ],
      [
        5.0,
        6.0
      ],
      [
        5.0,
        7.0
      ],
      [
        6.0,
        7.0
      ]
    ],
    "values": [
      0.09176623613507354,
      0.5017684275595921,
      -0.27128440888013067,
      -0.2712827194553756,
      -0.28139339084044607,
      0.28196440863848216,
      0.1947001860824745,
      0.24809480813805537,
      -0.34661279004721923,
      -0.34661283747336585,
      0.14548340685248026,
      -0.0887291723433938,
      -0.5370453465692303,
      -0.3454784336567417,
      -0.3454773212875681,
      -0.0833337019628337,
      0.04424394837721372,
      0.06300919751646028,
      0.9999999999215721,
      -0.7459802190271632,
      -0.4410365835111191,
      -0.5583594760898454,
      -0.7459815911523544,
      -0.44103504126942833,
      -0.5583596764990015,
      0.12569350063776302,
      0.5078639525067277,
      0.25618645231820425
    ]
  },
  "meta": {
    "run_id": "D3-LOSO-V1-20250821-010323-0ef93b3e",
    "phase": "D3",
    "exp": "LOSO",
    "ver": "V1",
    "desc": "LOSO cross-subject evaluation with enhanced",
    "time_start": "2025-08-21T01:03:23",
    "args": {
      "model": "enhanced",
      "protocol": "loso",
      "seed": 4.0,
      "epochs": 100.0,
      "out": "results\\d3\\loso\\loso_enhanced_seed4.json",
      "resume": 0.0,
      "benchmark_path": "benchmarks\\WiFi-CSI-Sensing-Benchmark-main\\Data",
      "files_per_activity": 3.0,
      "output_dir": "results\\d3\\loso",
      "d2_model_path": "",
      "label_ratio": 1.0,
      "transfer_method": "fine_tune",
      "skip_synth_pretrain": 0.0,
      "lr": 0.001,
      "batch_size": 64.0,
      "class_weight": "inv_freq",
      "loso_all_folds": 0.0,
      "patience": 10.0,
      "min_epochs": 20.0,
      "loro_all_folds": 0.0,
      "positive_class": 5.0,
      "amp": 0.0,
      "input_norm": "zscore",
      "norm_eps": 1e-06,
      "source": "synth",
      "target": "real",
      "difficulty": "mid",
      "n_samples": 2000.0,
      "T": 128.0,
      "F": 30.0
    }
  }
}