{
  "protocol": "LOSO",
  "model": "cnn",
  "seed": 4,
  "aggregate_stats": {
    "macro_f1": {
      "mean": 0.8389937103098115,
      "std": 0.0
    },
    "falling_f1": {
      "mean": 0.8389937103098115,
      "std": 0.0
    },
    "ece": {
      "mean": 0.011995573191679727,
      "std": 0.0
    },
    "auprc_falling": {
      "mean": 0.9999798756821059,
      "std": 0.0
    },
    "epileptic_fall_f1": {
      "mean": 0.9904761904761905,
      "std": 0.0
    },
    "elderly_fall_f1": {
      "mean": 1.0,
      "std": 0.0
    },
    "fall_cantgetup_f1": {
      "mean": 1.0,
      "std": 0.0
    },
    "mutual_misclass": {
      "mean": 0.0,
      "std": 0.0
    }
  },
  "fold_results": [
    {
      "macro_f1": 0.8389937103098115,
      "f1_fall": 0.8389937103098115,
      "ece": 0.011995573191679727,
      "auprc": 0.9987406532861078,
      "cm": [
        [
          104,
          1,
          0,
          0,
          0,
          0,
          0,
          0
        ],
        [
          1,
          104,
          0,
          0,
          0,
          0,
          0,
          0
        ],
        [
          0,
          0,
          104,
          0,
          0,
          1,
          0,
          0
        ],
        [
          0,
          0,
          0,
          9,
          0,
          0,
          0,
          0
        ],
        [
          0,
          0,
          0,
          6,
          0,
          0,
          0,
          0
        ],
        [
          1,
          0,
          0,
          0,
          0,
          104,
          0,
          0
        ],
        [
          0,
          0,
          0,
          0,
          0,
          0,
          105,
          0
        ],
        [
          0,
          0,
          0,
          0,
          0,
          0,
          0,
          105
        ]
      ],
      "per_class_f1": [
        0.9857819905213271,
        0.9904761904761905,
        0.9952153110047847,
        0.7499999999999999,
        0.0,
        0.9904761904761905,
        1.0,
        1.0
      ],
      "falling_f1": 0.8389937103098115,
      "falling_auprc": 0.9999798756821059,
      "falling_cm": [
        [
          329,
          1
        ],
        [
          1,
          314
        ]
      ],
      "class_names": [
        "Normal_Walk",
        "Shaking",
        "Twitching",
        "Punching",
        "Kicking",
        "Epileptic_Fall",
        "Elderly_Fall",
        "Fall_CantGetUp"
      ]
    }
  ],
  "overlap_stat": {
    "mean": 0.21197376309877683,
    "std": 0.6271449661963641,
    "pairs": [
      [
        0.0,
        1.0
      ],
      [
        0.0,
        2.0
      ],
      [
        0.0,
        3.0
      ],
      [
        0.0,
        4.0
      ],
      [
        0.0,
        5.0
      ],
      [
        0.0,
        6.0
      ],
      [
        0.0,
        7.0
      ],
      [
        1.0,
        2.0
      ],
      [
        1.0,
        3.0
      ],
      [
        1.0,
        4.0
      ],
      [
        1.0,
        5.0
      ],
      [
        1.0,
        6.0
      ],
      [
        1.0,
        7.0
      ],
      [
        2.0,
        3.0
      ],
      [
        2.0,
        4.0
      ],
      [
        2.0,
        5.0
      ],
      [
        2.0,
        6.0
      ],
      [
        2.0,
        7.0
      ],
      [
        3.0,
        4.0
      ],
      [
        3.0,
        5.0
      ],
      [
        3.0,
        6.0
      ],
      [
        3.0,
        7.0
      ],
      [
        4.0,
        5.0
      ],
      [
        4.0,
        6.0
      ],
      [
        4.0,
        7.0
      ],
      [
        5.0,
        6.0
      ],
      [
        5.0,
        7.0
      ],
      [
        6.0,
        7.0
      ]
    ],
    "values": [
      0.9012854549826488,
      0.883929411923636,
      -0.455803567631541,
      -0.4558276908389737,
      0.7096178679564782,
      0.7699206751340727,
      0.6381457604607268,
      0.8300382638074196,
      -0.4407562655796357,
      -0.4407831424233849,
      0.6078030102090478,
      0.6646247223736585,
      0.48652527187363515,
      -0.4766636790807602,
      -0.47668232382478687,
      0.7580631368887797,
      0.7293816905199939,
      0.5251526706975079,
      0.9999998926995372,
      -0.6211434063695737,
      -0.4640432712163394,
      -0.5462585741938019,
      -0.6210511023945706,
      -0.4639157004323623,
      -0.5460841549368085,
      0.853120120172268,
      0.8660080238243901,
      0.7206622721644891
    ]
  },
  "meta": {
    "run_id": "D3-LOSO-V1-20250821-011038-a8ce018a",
    "phase": "D3",
    "exp": "LOSO",
    "ver": "V1",
    "desc": "LOSO cross-subject evaluation with cnn",
    "time_start": "2025-08-21T01:10:38",
    "args": {
      "model": "cnn",
      "protocol": "loso",
      "seed": 4.0,
      "epochs": 100.0,
      "out": "results\\d3\\loso\\loso_cnn_seed4.json",
      "resume": 0.0,
      "benchmark_path": "benchmarks\\WiFi-CSI-Sensing-Benchmark-main\\Data",
      "files_per_activity": 3.0,
      "output_dir": "results\\d3\\loso",
      "d2_model_path": "",
      "label_ratio": 1.0,
      "transfer_method": "fine_tune",
      "skip_synth_pretrain": 0.0,
      "lr": 0.001,
      "batch_size": 64.0,
      "class_weight": "inv_freq",
      "loso_all_folds": 0.0,
      "patience": 10.0,
      "min_epochs": 20.0,
      "loro_all_folds": 0.0,
      "positive_class": 5.0,
      "amp": 0.0,
      "input_norm": "zscore",
      "norm_eps": 1e-06,
      "source": "synth",
      "target": "real",
      "difficulty": "mid",
      "n_samples": 2000.0,
      "T": 128.0,
      "F": 30.0
    }
  }
}