{
  "protocol": "LOSO",
  "model": "conformer_lite",
  "seed": 2,
  "aggregate_stats": {
    "macro_f1": {
      "mean": 0.1294642857142857,
      "std": 0.0
    },
    "falling_f1": {
      "mean": 0.1294642857142857,
      "std": 0.0
    },
    "ece": {
      "mean": 0.06785240506016932,
      "std": 0.0
    },
    "auprc_falling": {
      "mean": 0.6806511672194289,
      "std": 0.0
    },
    "epileptic_fall_f1": {
      "mean": 0.0,
      "std": 0.0
    },
    "elderly_fall_f1": {
      "mean": 0.0,
      "std": 0.0
    },
    "fall_cantgetup_f1": {
      "mean": 0.0,
      "std": 0.0
    },
    "mutual_misclass": {
      "mean": 0.0,
      "std": 0.0
    }
  },
  "fold_results": [
    {
      "macro_f1": 0.1294642857142857,
      "f1_fall": 0.1294642857142857,
      "ece": 0.06785240506016932,
      "auprc": 0.36522939923028236,
      "cm": [
        [
          105,
          0,
          0,
          0,
          0,
          0,
          0,
          0
        ],
        [
          105,
          0,
          0,
          0,
          0,
          0,
          0,
          0
        ],
        [
          105,
          0,
          0,
          0,
          0,
          0,
          0,
          0
        ],
        [
          0,
          0,
          0,
          9,
          0,
          0,
          0,
          0
        ],
        [
          0,
          0,
          0,
          6,
          0,
          0,
          0,
          0
        ],
        [
          105,
          0,
          0,
          0,
          0,
          0,
          0,
          0
        ],
        [
          105,
          0,
          0,
          0,
          0,
          0,
          0,
          0
        ],
        [
          105,
          0,
          0,
          0,
          0,
          0,
          0,
          0
        ]
      ],
      "per_class_f1": [
        0.2857142857142857,
        0.0,
        0.0,
        0.7499999999999999,
        0.0,
        0.0,
        0.0,
        0.0
      ],
      "falling_f1": 0.1294642857142857,
      "falling_auprc": 0.6806511672194289,
      "falling_cm": [
        [
          330,
          0
        ],
        [
          315,
          0
        ]
      ],
      "class_names": [
        "Normal_Walk",
        "Shaking",
        "Twitching",
        "Punching",
        "Kicking",
        "Epileptic_Fall",
        "Elderly_Fall",
        "Fall_CantGetUp"
      ]
    }
  ],
  "overlap_stat": {
    "mean": 0.14308880846666355,
    "std": 0.989475799025763,
    "pairs": [
      [
        0.0,
        1.0
      ],
      [
        0.0,
        2.0
      ],
      [
        0.0,
        3.0
      ],
      [
        0.0,
        4.0
      ],
      [
        0.0,
        5.0
      ],
      [
        0.0,
        6.0
      ],
      [
        0.0,
        7.0
      ],
      [
        1.0,
        2.0
      ],
      [
        1.0,
        3.0
      ],
      [
        1.0,
        4.0
      ],
      [
        1.0,
        5.0
      ],
      [
        1.0,
        6.0
      ],
      [
        1.0,
        7.0
      ],
      [
        2.0,
        3.0
      ],
      [
        2.0,
        4.0
      ],
      [
        2.0,
        5.0
      ],
      [
        2.0,
        6.0
      ],
      [
        2.0,
        7.0
      ],
      [
        3.0,
        4.0
      ],
      [
        3.0,
        5.0
      ],
      [
        3.0,
        6.0
      ],
      [
        3.0,
        7.0
      ],
      [
        4.0,
        5.0
      ],
      [
        4.0,
        6.0
      ],
      [
        4.0,
        7.0
      ],
      [
        5.0,
        6.0
      ],
      [
        5.0,
        7.0
      ],
      [
        6.0,
        7.0
      ]
    ],
    "values": [
      0.9999999998506114,
      0.9999999998506113,
      -0.9994596474987523,
      -0.9994591410053711,
      0.999999771901133,
      0.9999999998506113,
      0.9999998858759501,
      1.0000001138249999,
      -0.9994597521330147,
      -0.9994592456385376,
      0.9999999998506114,
      1.0000001138250258,
      0.9999999998506115,
      -0.9994596483937109,
      -0.9994592453586608,
      0.9999999998506114,
      1.0000001138250778,
      0.9999999998506115,
      0.9999999058621662,
      -0.9994595443186476,
      -0.9994597517974702,
      -0.9994596482259064,
      -0.9994591412853026,
      -0.9994592452467099,
      -0.9994591416772058,
      0.9999999998506113,
      0.9999998858760151,
      0.9999999998506114
    ]
  },
  "meta": {
    "run_id": "D3-LOSO-V1-20250821-013554-6afa8f34",
    "phase": "D3",
    "exp": "LOSO",
    "ver": "V1",
    "desc": "LOSO cross-subject evaluation with conformer_lite",
    "time_start": "2025-08-21T01:35:54",
    "args": {
      "model": "conformer_lite",
      "protocol": "loso",
      "seed": 2.0,
      "epochs": 100.0,
      "out": "results\\d3\\loso\\loso_conformer_lite_seed2.json",
      "resume": 0.0,
      "benchmark_path": "benchmarks\\WiFi-CSI-Sensing-Benchmark-main\\Data",
      "files_per_activity": 3.0,
      "output_dir": "results\\d3\\loso",
      "d2_model_path": "",
      "label_ratio": 1.0,
      "transfer_method": "fine_tune",
      "skip_synth_pretrain": 0.0,
      "lr": 0.001,
      "batch_size": 64.0,
      "class_weight": "inv_freq",
      "loso_all_folds": 0.0,
      "patience": 10.0,
      "min_epochs": 20.0,
      "loro_all_folds": 0.0,
      "positive_class": 5.0,
      "amp": 0.0,
      "input_norm": "zscore",
      "norm_eps": 1e-06,
      "source": "synth",
      "target": "real",
      "difficulty": "mid",
      "n_samples": 2000.0,
      "T": 128.0,
      "F": 30.0
    }
  }
}