{
  "protocol": "LOSO",
  "model": "bilstm",
  "seed": 0,
  "aggregate_stats": {
    "macro_f1": {
      "mean": 0.8306601355446936,
      "std": 0.0
    },
    "falling_f1": {
      "mean": 0.8306601355446936,
      "std": 0.0
    },
    "ece": {
      "mean": 0.011225879839224408,
      "std": 0.0
    },
    "auprc_falling": {
      "mean": 0.9992056624982821,
      "std": 0.0
    },
    "epileptic_fall_f1": {
      "mean": 0.9619047619047619,
      "std": 0.0
    },
    "elderly_fall_f1": {
      "mean": 0.9904761904761905,
      "std": 0.0
    },
    "fall_cantgetup_f1": {
      "mean": 0.985645933014354,
      "std": 0.0
    },
    "mutual_misclass": {
      "mean": 0.0,
      "std": 0.0
    }
  },
  "fold_results": [
    {
      "macro_f1": 0.8306601355446936,
      "f1_fall": 0.8306601355446936,
      "ece": 0.011225879839224408,
      "auprc": 0.9935182362570367,
      "cm": [
        [
          104,
          1,
          0,
          0,
          0,
          0,
          0,
          0
        ],
        [
          0,
          104,
          0,
          0,
          0,
          1,
          0,
          0
        ],
        [
          0,
          1,
          103,
          0,
          0,
          1,
          0,
          0
        ],
        [
          0,
          0,
          0,
          9,
          0,
          0,
          0,
          0
        ],
        [
          0,
          0,
          0,
          6,
          0,
          0,
          0,
          0
        ],
        [
          1,
          1,
          0,
          0,
          0,
          101,
          1,
          1
        ],
        [
          0,
          0,
          0,
          0,
          0,
          1,
          104,
          0
        ],
        [
          0,
          0,
          1,
          0,
          0,
          1,
          0,
          103
        ]
      ],
      "per_class_f1": [
        0.9904761904761905,
        0.9811320754716981,
        0.985645933014354,
        0.7499999999999999,
        0.0,
        0.9619047619047619,
        0.9904761904761905,
        0.985645933014354
      ],
      "falling_f1": 0.8306601355446936,
      "falling_auprc": 0.9992056624982821,
      "falling_cm": [
        [
          328,
          2
        ],
        [
          3,
          312
        ]
      ],
      "class_names": [
        "Normal_Walk",
        "Shaking",
        "Twitching",
        "Punching",
        "Kicking",
        "Epileptic_Fall",
        "Elderly_Fall",
        "Fall_CantGetUp"
      ]
    }
  ],
  "overlap_stat": {
    "mean": 0.049098771150457014,
    "std": 0.465178763792754,
    "pairs": [
      [
        0.0,
        1.0
      ],
      [
        0.0,
        2.0
      ],
      [
        0.0,
        3.0
      ],
      [
        0.0,
        4.0
      ],
      [
        0.0,
        5.0
      ],
      [
        0.0,
        6.0
      ],
      [
        0.0,
        7.0
      ],
      [
        1.0,
        2.0
      ],
      [
        1.0,
        3.0
      ],
      [
        1.0,
        4.0
      ],
      [
        1.0,
        5.0
      ],
      [
        1.0,
        6.0
      ],
      [
        1.0,
        7.0
      ],
      [
        2.0,
        3.0
      ],
      [
        2.0,
        4.0
      ],
      [
        2.0,
        5.0
      ],
      [
        2.0,
        6.0
      ],
      [
        2.0,
        7.0
      ],
      [
        3.0,
        4.0
      ],
      [
        3.0,
        5.0
      ],
      [
        3.0,
        6.0
      ],
      [
        3.0,
        7.0
      ],
      [
        4.0,
        5.0
      ],
      [
        4.0,
        6.0
      ],
      [
        4.0,
        7.0
      ],
      [
        5.0,
        6.0
      ],
      [
        5.0,
        7.0
      ],
      [
        6.0,
        7.0
      ]
    ],
    "values": [
      0.3797564513799885,
      0.5075162065807269,
      -0.5019377360977225,
      -0.5019376924766311,
      0.3417675916238749,
      0.33936810897630526,
      0.4974933239742049,
      0.5471743929881451,
      -0.3477351391588454,
      -0.3477350282312332,
      0.4057241433133348,
      0.3713588497705488,
      0.0062326291151005,
      -0.4285095184892024,
      -0.4285095184892024,
      0.31154544138521745,
      0.014279475736491827,
      0.5410606573362152,
      0.9999999999628059,
      -0.44928459601716203,
      -0.5090347707615098,
      -0.44090588732076624,
      -0.44928463703215177,
      -0.5090346970425808,
      -0.4409059986494383,
      0.5913278316353323,
      0.6577805718614437,
      0.21719513633950654
    ]
  },
  "meta": {
    "run_id": "D3-LOSO-V1-20250821-011122-42fc75db",
    "phase": "D3",
    "exp": "LOSO",
    "ver": "V1",
    "desc": "LOSO cross-subject evaluation with bilstm",
    "time_start": "2025-08-21T01:11:22",
    "args": {
      "model": "bilstm",
      "protocol": "loso",
      "seed": 0.0,
      "epochs": 100.0,
      "out": "results\\d3\\loso\\loso_bilstm_seed0.json",
      "resume": 0.0,
      "benchmark_path": "benchmarks\\WiFi-CSI-Sensing-Benchmark-main\\Data",
      "files_per_activity": 3.0,
      "output_dir": "results\\d3\\loso",
      "d2_model_path": "",
      "label_ratio": 1.0,
      "transfer_method": "fine_tune",
      "skip_synth_pretrain": 0.0,
      "lr": 0.001,
      "batch_size": 64.0,
      "class_weight": "inv_freq",
      "loso_all_folds": 0.0,
      "patience": 10.0,
      "min_epochs": 20.0,
      "loro_all_folds": 0.0,
      "positive_class": 5.0,
      "amp": 0.0,
      "input_norm": "zscore",
      "norm_eps": 1e-06,
      "source": "synth",
      "target": "real",
      "difficulty": "mid",
      "n_samples": 2000.0,
      "T": 128.0,
      "F": 30.0
    }
  }
}