{
  "protocol": "LOSO",
  "model": "conformer_lite",
  "seed": 3,
  "aggregate_stats": {
    "macro_f1": {
      "mean": 0.8769100664431821,
      "std": 0.0
    },
    "falling_f1": {
      "mean": 0.8769100664431821,
      "std": 0.0
    },
    "ece": {
      "mean": 0.01903983918271323,
      "std": 0.0
    },
    "auprc_falling": {
      "mean": 0.9996962112841061,
      "std": 0.0
    },
    "epileptic_fall_f1": {
      "mean": 0.9655172413793104,
      "std": 0.0
    },
    "elderly_fall_f1": {
      "mean": 0.985645933014354,
      "std": 0.0
    },
    "fall_cantgetup_f1": {
      "mean": 0.985645933014354,
      "std": 0.0
    },
    "mutual_misclass": {
      "mean": 0.0,
      "std": 0.0
    }
  },
  "fold_results": [
    {
      "macro_f1": 0.8769100664431821,
      "f1_fall": 0.8769100664431821,
      "ece": 0.01903983918271323,
      "auprc": 0.9971904038686163,
      "cm": [
        [
          102,
          3,
          0,
          0,
          0,
          0,
          0,
          0
        ],
        [
          0,
          104,
          0,
          0,
          0,
          0,
          1,
          0
        ],
        [
          0,
          1,
          104,
          0,
          0,
          0,
          0,
          0
        ],
        [
          0,
          0,
          0,
          3,
          6,
          0,
          0,
          0
        ],
        [
          0,
          0,
          0,
          0,
          6,
          0,
          0,
          0
        ],
        [
          0,
          0,
          6,
          0,
          0,
          98,
          0,
          1
        ],
        [
          0,
          0,
          2,
          0,
          0,
          0,
          103,
          0
        ],
        [
          0,
          0,
          2,
          0,
          0,
          0,
          0,
          103
        ]
      ],
      "per_class_f1": [
        0.9855072463768115,
        0.9765258215962442,
        0.9497716894977168,
        0.5,
        0.6666666666666666,
        0.9655172413793104,
        0.985645933014354,
        0.985645933014354
      ],
      "falling_f1": 0.8769100664431821,
      "falling_auprc": 0.9996962112841061,
      "falling_cm": [
        [
          329,
          1
        ],
        [
          10,
          305
        ]
      ],
      "class_names": [
        "Normal_Walk",
        "Shaking",
        "Twitching",
        "Punching",
        "Kicking",
        "Epileptic_Fall",
        "Elderly_Fall",
        "Fall_CantGetUp"
      ]
    }
  ],
  "overlap_stat": {
    "mean": -0.050605838158613956,
    "std": 0.32567172871312394,
    "pairs": [
      [
        0.0,
        1.0
      ],
      [
        0.0,
        2.0
      ],
      [
        0.0,
        3.0
      ],
      [
        0.0,
        4.0
      ],
      [
        0.0,
        5.0
      ],
      [
        0.0,
        6.0
      ],
      [
        0.0,
        7.0
      ],
      [
        1.0,
        2.0
      ],
      [
        1.0,
        3.0
      ],
      [
        1.0,
        4.0
      ],
      [
        1.0,
        5.0
      ],
      [
        1.0,
        6.0
      ],
      [
        1.0,
        7.0
      ],
      [
        2.0,
        3.0
      ],
      [
        2.0,
        4.0
      ],
      [
        2.0,
        5.0
      ],
      [
        2.0,
        6.0
      ],
      [
        2.0,
        7.0
      ],
      [
        3.0,
        4.0
      ],
      [
        3.0,
        5.0
      ],
      [
        3.0,
        6.0
      ],
      [
        3.0,
        7.0
      ],
      [
        4.0,
        5.0
      ],
      [
        4.0,
        6.0
      ],
      [
        4.0,
        7.0
      ],
      [
        5.0,
        6.0
      ],
      [
        5.0,
        7.0
      ],
      [
        6.0,
        7.0
      ]
    ],
    "values": [
      -0.16178321489868672,
      0.31741842999060604,
      -0.20091688610180236,
      -0.20697319563516337,
      0.2386396203342915,
      -0.49217819938154295,
      0.061815922045918875,
      0.013334086990486892,
      0.012626583571144006,
      0.0108971090489055,
      -0.27125705793821886,
      -0.5538041786378021,
      -0.3962956851771898,
      -0.1814116169879711,
      -0.1858669306742486,
      0.05894282299288487,
      -0.1221718859991759,
      0.1268500463034952,
      0.9999577879718348,
      -0.140318299240823,
      -0.43003636760042974,
      -0.20441368187072712,
      -0.1423224834733242,
      -0.4247973679537289,
      -0.20860994930121773,
      0.24273666336503563,
      0.4265825008207272,
      0.39639195899553126
    ]
  },
  "meta": {
    "run_id": "D3-LOSO-V1-20250821-013824-e60fa421",
    "phase": "D3",
    "exp": "LOSO",
    "ver": "V1",
    "desc": "LOSO cross-subject evaluation with conformer_lite",
    "time_start": "2025-08-21T01:38:24",
    "args": {
      "model": "conformer_lite",
      "protocol": "loso",
      "seed": 3.0,
      "epochs": 100.0,
      "out": "results\\d3\\loso\\loso_conformer_lite_seed3.json",
      "resume": 0.0,
      "benchmark_path": "benchmarks\\WiFi-CSI-Sensing-Benchmark-main\\Data",
      "files_per_activity": 3.0,
      "output_dir": "results\\d3\\loso",
      "d2_model_path": "",
      "label_ratio": 1.0,
      "transfer_method": "fine_tune",
      "skip_synth_pretrain": 0.0,
      "lr": 0.001,
      "batch_size": 64.0,
      "class_weight": "inv_freq",
      "loso_all_folds": 0.0,
      "patience": 10.0,
      "min_epochs": 20.0,
      "loro_all_folds": 0.0,
      "positive_class": 5.0,
      "amp": 0.0,
      "input_norm": "zscore",
      "norm_eps": 1e-06,
      "source": "synth",
      "target": "real",
      "difficulty": "mid",
      "n_samples": 2000.0,
      "T": 128.0,
      "F": 30.0
    }
  }
}