{
  "protocol": "LOSO",
  "model": "bilstm",
  "seed": 4,
  "aggregate_stats": {
    "macro_f1": {
      "mean": 0.8176218457468458,
      "std": 0.0
    },
    "falling_f1": {
      "mean": 0.8176218457468458,
      "std": 0.0
    },
    "ece": {
      "mean": 0.015206841720167081,
      "std": 0.0
    },
    "auprc_falling": {
      "mean": 0.9951991634578756,
      "std": 0.0
    },
    "epileptic_fall_f1": {
      "mean": 0.9428571428571428,
      "std": 0.0
    },
    "elderly_fall_f1": {
      "mean": 0.9615384615384616,
      "std": 0.0
    },
    "fall_cantgetup_f1": {
      "mean": 0.9809523809523809,
      "std": 0.0
    },
    "mutual_misclass": {
      "mean": 0.0,
      "std": 0.0
    }
  },
  "fold_results": [
    {
      "macro_f1": 0.8176218457468458,
      "f1_fall": 0.8176218457468458,
      "ece": 0.015206841720167081,
      "auprc": 0.9887569588680502,
      "cm": [
        [
          102,
          3,
          0,
          0,
          0,
          0,
          0,
          0
        ],
        [
          0,
          103,
          0,
          0,
          0,
          1,
          1,
          0
        ],
        [
          1,
          1,
          101,
          0,
          0,
          1,
          0,
          1
        ],
        [
          0,
          0,
          0,
          9,
          0,
          0,
          0,
          0
        ],
        [
          0,
          0,
          0,
          6,
          0,
          0,
          0,
          0
        ],
        [
          0,
          2,
          1,
          0,
          0,
          99,
          2,
          1
        ],
        [
          0,
          1,
          1,
          0,
          0,
          3,
          100,
          0
        ],
        [
          0,
          1,
          0,
          0,
          0,
          1,
          0,
          103
        ]
      ],
      "per_class_f1": [
        0.9807692307692307,
        0.9537037037037037,
        0.9711538461538461,
        0.7499999999999999,
        0.0,
        0.9428571428571428,
        0.9615384615384616,
        0.9809523809523809
      ],
      "falling_f1": 0.8176218457468458,
      "falling_auprc": 0.9951991634578756,
      "falling_cm": [
        [
          326,
          4
        ],
        [
          4,
          311
        ]
      ],
      "class_names": [
        "Normal_Walk",
        "Shaking",
        "Twitching",
        "Punching",
        "Kicking",
        "Epileptic_Fall",
        "Elderly_Fall",
        "Fall_CantGetUp"
      ]
    }
  ],
  "overlap_stat": {
    "mean": 0.0734342580461409,
    "std": 0.4274037128321895,
    "pairs": [
      [
        0.0,
        1.0
      ],
      [
        0.0,
        2.0
      ],
      [
        0.0,
        3.0
      ],
      [
        0.0,
        4.0
      ],
      [
        0.0,
        5.0
      ],
      [
        0.0,
        6.0
      ],
      [
        0.0,
        7.0
      ],
      [
        1.0,
        2.0
      ],
      [
        1.0,
        3.0
      ],
      [
        1.0,
        4.0
      ],
      [
        1.0,
        5.0
      ],
      [
        1.0,
        6.0
      ],
      [
        1.0,
        7.0
      ],
      [
        2.0,
        3.0
      ],
      [
        2.0,
        4.0
      ],
      [
        2.0,
        5.0
      ],
      [
        2.0,
        6.0
      ],
      [
        2.0,
        7.0
      ],
      [
        3.0,
        4.0
      ],
      [
        3.0,
        5.0
      ],
      [
        3.0,
        6.0
      ],
      [
        3.0,
        7.0
      ],
      [
        4.0,
        5.0
      ],
      [
        4.0,
        6.0
      ],
      [
        4.0,
        7.0
      ],
      [
        5.0,
        6.0
      ],
      [
        5.0,
        7.0
      ],
      [
        6.0,
        7.0
      ]
    ],
    "values": [
      0.5131356288067053,
      0.31078797428188903,
      -0.3273047631037456,
      -0.32730485318985897,
      0.15489051484419583,
      0.34828952913739447,
      0.4728848208347389,
      0.1374144721886921,
      -0.21706652305751284,
      -0.2170665429868911,
      0.5672030337734351,
      0.5984389396440166,
      0.2792005536357551,
      -0.42817803913627855,
      -0.4281779939287552,
      0.35441421032876386,
      0.05263098848782989,
      0.45962500184730354,
      0.9999999999623017,
      -0.3939755797520611,
      -0.44715295919160786,
      -0.4313698820389176,
      -0.3939755797520611,
      -0.4471529995160226,
      -0.4313698820389176,
      0.5160075111628039,
      0.6046472023733228,
      0.17668444167542705
    ]
  },
  "meta": {
    "run_id": "D3-LOSO-V1-20250821-012433-2c9445ca",
    "phase": "D3",
    "exp": "LOSO",
    "ver": "V1",
    "desc": "LOSO cross-subject evaluation with bilstm",
    "time_start": "2025-08-21T01:24:33",
    "args": {
      "model": "bilstm",
      "protocol": "loso",
      "seed": 4.0,
      "epochs": 100.0,
      "out": "results\\d3\\loso\\loso_bilstm_seed4.json",
      "resume": 0.0,
      "benchmark_path": "benchmarks\\WiFi-CSI-Sensing-Benchmark-main\\Data",
      "files_per_activity": 3.0,
      "output_dir": "results\\d3\\loso",
      "d2_model_path": "",
      "label_ratio": 1.0,
      "transfer_method": "fine_tune",
      "skip_synth_pretrain": 0.0,
      "lr": 0.001,
      "batch_size": 64.0,
      "class_weight": "inv_freq",
      "loso_all_folds": 0.0,
      "patience": 10.0,
      "min_epochs": 20.0,
      "loro_all_folds": 0.0,
      "positive_class": 5.0,
      "amp": 0.0,
      "input_norm": "zscore",
      "norm_eps": 1e-06,
      "source": "synth",
      "target": "real",
      "difficulty": "mid",
      "n_samples": 2000.0,
      "T": 128.0,
      "F": 30.0
    }
  }
}