{
  "protocol": "LOSO",
  "model": "conformer_lite",
  "seed": 0,
  "aggregate_stats": {
    "macro_f1": {
      "mean": 0.8354499274310594,
      "std": 0.0
    },
    "falling_f1": {
      "mean": 0.8354499274310594,
      "std": 0.0
    },
    "ece": {
      "mean": 0.007752283136974051,
      "std": 0.0
    },
    "auprc_falling": {
      "mean": 0.9999494479685826,
      "std": 0.0
    },
    "epileptic_fall_f1": {
      "mean": 0.9811320754716981,
      "std": 0.0
    },
    "elderly_fall_f1": {
      "mean": 0.9716981132075471,
      "std": 0.0
    },
    "fall_cantgetup_f1": {
      "mean": 0.9903846153846153,
      "std": 0.0
    },
    "mutual_misclass": {
      "mean": 0.0,
      "std": 0.0
    }
  },
  "fold_results": [
    {
      "macro_f1": 0.8354499274310594,
      "f1_fall": 0.8354499274310594,
      "ece": 0.007752283136974051,
      "auprc": 0.9987287672402019,
      "cm": [
        [
          105,
          0,
          0,
          0,
          0,
          0,
          0,
          0
        ],
        [
          0,
          105,
          0,
          0,
          0,
          0,
          0,
          0
        ],
        [
          0,
          0,
          103,
          0,
          0,
          1,
          1,
          0
        ],
        [
          0,
          0,
          0,
          9,
          0,
          0,
          0,
          0
        ],
        [
          0,
          0,
          0,
          6,
          0,
          0,
          0,
          0
        ],
        [
          0,
          0,
          0,
          0,
          0,
          104,
          1,
          0
        ],
        [
          0,
          0,
          0,
          0,
          0,
          2,
          103,
          0
        ],
        [
          0,
          0,
          0,
          0,
          0,
          0,
          2,
          103
        ]
      ],
      "per_class_f1": [
        1.0,
        1.0,
        0.9903846153846153,
        0.7499999999999999,
        0.0,
        0.9811320754716981,
        0.9716981132075471,
        0.9903846153846153
      ],
      "falling_f1": 0.8354499274310594,
      "falling_auprc": 0.9999494479685826,
      "falling_cm": [
        [
          328,
          2
        ],
        [
          0,
          315
        ]
      ],
      "class_names": [
        "Normal_Walk",
        "Shaking",
        "Twitching",
        "Punching",
        "Kicking",
        "Epileptic_Fall",
        "Elderly_Fall",
        "Fall_CantGetUp"
      ]
    }
  ],
  "overlap_stat": {
    "mean": -0.1266573751616605,
    "std": 0.283822482872434,
    "pairs": [
      [
        0.0,
        1.0
      ],
      [
        0.0,
        2.0
      ],
      [
        0.0,
        3.0
      ],
      [
        0.0,
        4.0
      ],
      [
        0.0,
        5.0
      ],
      [
        0.0,
        6.0
      ],
      [
        0.0,
        7.0
      ],
      [
        1.0,
        2.0
      ],
      [
        1.0,
        3.0
      ],
      [
        1.0,
        4.0
      ],
      [
        1.0,
        5.0
      ],
      [
        1.0,
        6.0
      ],
      [
        1.0,
        7.0
      ],
      [
        2.0,
        3.0
      ],
      [
        2.0,
        4.0
      ],
      [
        2.0,
        5.0
      ],
      [
        2.0,
        6.0
      ],
      [
        2.0,
        7.0
      ],
      [
        3.0,
        4.0
      ],
      [
        3.0,
        5.0
      ],
      [
        3.0,
        6.0
      ],
      [
        3.0,
        7.0
      ],
      [
        4.0,
        5.0
      ],
      [
        4.0,
        6.0
      ],
      [
        4.0,
        7.0
      ],
      [
        5.0,
        6.0
      ],
      [
        5.0,
        7.0
      ],
      [
        6.0,
        7.0
      ]
    ],
    "values": [
      0.15755377298496254,
      -0.07020744564487329,
      -0.35626098814922125,
      -0.3607013093590865,
      -0.3355041398888042,
      -0.2497567865636077,
      -0.4737911211982468,
      -0.09844489515830296,
      -0.09453954938271078,
      -0.09503539079326258,
      0.03605925307359505,
      -0.24168997112979498,
      -0.5768448469743608,
      -0.2697696573832445,
      -0.27012526092244693,
      -0.04792633569852822,
      -0.20325322743572932,
      -0.000999444623476804,
      0.9999865187827603,
      -0.22666595777600174,
      -0.3468956550760423,
      -0.08430184214933935,
      -0.22437902303773333,
      -0.34530680041434636,
      -0.08050297472656391,
      -0.015460753924435683,
      0.16871490380439616,
      0.15964242423795202
    ]
  },
  "meta": {
    "run_id": "D3-LOSO-V1-20250821-012714-04bba9e7",
    "phase": "D3",
    "exp": "LOSO",
    "ver": "V1",
    "desc": "LOSO cross-subject evaluation with conformer_lite",
    "time_start": "2025-08-21T01:27:14",
    "args": {
      "model": "conformer_lite",
      "protocol": "loso",
      "seed": 0.0,
      "epochs": 100.0,
      "out": "results\\d3\\loso\\loso_conformer_lite_seed0.json",
      "resume": 0.0,
      "benchmark_path": "benchmarks\\WiFi-CSI-Sensing-Benchmark-main\\Data",
      "files_per_activity": 3.0,
      "output_dir": "results\\d3\\loso",
      "d2_model_path": "",
      "label_ratio": 1.0,
      "transfer_method": "fine_tune",
      "skip_synth_pretrain": 0.0,
      "lr": 0.001,
      "batch_size": 64.0,
      "class_weight": "inv_freq",
      "loso_all_folds": 0.0,
      "patience": 10.0,
      "min_epochs": 20.0,
      "loro_all_folds": 0.0,
      "positive_class": 5.0,
      "amp": 0.0,
      "input_norm": "zscore",
      "norm_eps": 1e-06,
      "source": "synth",
      "target": "real",
      "difficulty": "mid",
      "n_samples": 2000.0,
      "T": 128.0,
      "F": 30.0
    }
  }
}