{
  "protocol": "LOSO",
  "model": "enhanced",
  "seed": 2,
  "aggregate_stats": {
    "macro_f1": {
      "mean": 0.8389823721842304,
      "std": 0.0
    },
    "falling_f1": {
      "mean": 0.8389823721842304,
      "std": 0.0
    },
    "ece": {
      "mean": 0.0077266335487365554,
      "std": 0.0
    },
    "auprc_falling": {
      "mean": 0.9999698928525728,
      "std": 0.0
    },
    "epileptic_fall_f1": {
      "mean": 0.9904761904761905,
      "std": 0.0
    },
    "elderly_fall_f1": {
      "mean": 0.9904761904761905,
      "std": 0.0
    },
    "fall_cantgetup_f1": {
      "mean": 0.9952606635071091,
      "std": 0.0
    },
    "mutual_misclass": {
      "mean": 0.0,
      "std": 0.0
    }
  },
  "fold_results": [
    {
      "macro_f1": 0.8389823721842304,
      "f1_fall": 0.8389823721842304,
      "ece": 0.0077266335487365554,
      "auprc": 0.999644746787604,
      "cm": [
        [
          105,
          0,
          0,
          0,
          0,
          0,
          0,
          0
        ],
        [
          0,
          105,
          0,
          0,
          0,
          0,
          0,
          0
        ],
        [
          0,
          0,
          103,
          0,
          0,
          1,
          1,
          0
        ],
        [
          0,
          0,
          0,
          9,
          0,
          0,
          0,
          0
        ],
        [
          0,
          0,
          0,
          6,
          0,
          0,
          0,
          0
        ],
        [
          0,
          0,
          0,
          0,
          0,
          104,
          0,
          1
        ],
        [
          0,
          0,
          1,
          0,
          0,
          0,
          104,
          0
        ],
        [
          0,
          0,
          0,
          0,
          0,
          0,
          0,
          105
        ]
      ],
      "per_class_f1": [
        1.0,
        1.0,
        0.985645933014354,
        0.7499999999999999,
        0.0,
        0.9904761904761905,
        0.9904761904761905,
        0.9952606635071091
      ],
      "falling_f1": 0.8389823721842304,
      "falling_auprc": 0.9999698928525728,
      "falling_cm": [
        [
          328,
          2
        ],
        [
          1,
          314
        ]
      ],
      "class_names": [
        "Normal_Walk",
        "Shaking",
        "Twitching",
        "Punching",
        "Kicking",
        "Epileptic_Fall",
        "Elderly_Fall",
        "Fall_CantGetUp"
      ]
    }
  ],
  "overlap_stat": {
    "mean": -0.13397180999818983,
    "std": 0.305150827046498,
    "pairs": [
      [
        0.0,
        1.0
      ],
      [
        0.0,
        2.0
      ],
      [
        0.0,
        3.0
      ],
      [
        0.0,
        4.0
      ],
      [
        0.0,
        5.0
      ],
      [
        0.0,
        6.0
      ],
      [
        0.0,
        7.0
      ],
      [
        1.0,
        2.0
      ],
      [
        1.0,
        3.0
      ],
      [
        1.0,
        4.0
      ],
      [
        1.0,
        5.0
      ],
      [
        1.0,
        6.0
      ],
      [
        1.0,
        7.0
      ],
      [
        2.0,
        3.0
      ],
      [
        2.0,
        4.0
      ],
      [
        2.0,
        5.0
      ],
      [
        2.0,
        6.0
      ],
      [
        2.0,
        7.0
      ],
      [
        3.0,
        4.0
      ],
      [
        3.0,
        5.0
      ],
      [
        3.0,
        6.0
      ],
      [
        3.0,
        7.0
      ],
      [
        4.0,
        5.0
      ],
      [
        4.0,
        6.0
      ],
      [
        4.0,
        7.0
      ],
      [
        5.0,
        6.0
      ],
      [
        5.0,
        7.0
      ],
      [
        6.0,
        7.0
      ]
    ],
    "values": [
      0.041864178685924354,
      0.02900792663993076,
      -0.34024890191718477,
      -0.34024846988609325,
      -0.31071828237878274,
      -0.1647652625201929,
      -0.45645834261129903,
      0.1445598660481937,
      -0.34518766388482125,
      -0.3451876692931225,
      0.16635143689406248,
      -0.5726193376722795,
      -0.2706206103179427,
      -0.41644740476457204,
      -0.41644755410411954,
      -0.13274269411266687,
      0.10008839393526078,
      -0.00014403582759055965,
      1.0000000956482025,
      -0.39991105461711646,
      -0.16775111315716543,
      -0.12465669098799624,
      -0.3999109200525006,
      -0.16775132494113745,
      -0.1246570711683241,
      -0.09281345354327723,
      0.20873900543799376,
      0.14746627451930228
    ]
  },
  "meta": {
    "run_id": "D3-LOSO-V1-20250821-005312-232549d7",
    "phase": "D3",
    "exp": "LOSO",
    "ver": "V1",
    "desc": "LOSO cross-subject evaluation with enhanced",
    "time_start": "2025-08-21T00:53:12",
    "args": {
      "model": "enhanced",
      "protocol": "loso",
      "seed": 2.0,
      "epochs": 100.0,
      "out": "results\\d3\\loso\\loso_enhanced_seed2.json",
      "resume": 0.0,
      "benchmark_path": "benchmarks\\WiFi-CSI-Sensing-Benchmark-main\\Data",
      "files_per_activity": 3.0,
      "output_dir": "results\\d3\\loso",
      "d2_model_path": "",
      "label_ratio": 1.0,
      "transfer_method": "fine_tune",
      "skip_synth_pretrain": 0.0,
      "lr": 0.001,
      "batch_size": 64.0,
      "class_weight": "inv_freq",
      "loso_all_folds": 0.0,
      "patience": 10.0,
      "min_epochs": 20.0,
      "loro_all_folds": 0.0,
      "positive_class": 5.0,
      "amp": 0.0,
      "input_norm": "zscore",
      "norm_eps": 1e-06,
      "source": "synth",
      "target": "real",
      "difficulty": "mid",
      "n_samples": 2000.0,
      "T": 128.0,
      "F": 30.0
    }
  }
}