{
  "protocol": "LOSO",
  "model": "bilstm",
  "seed": 3,
  "aggregate_stats": {
    "macro_f1": {
      "mean": 0.701812945984105,
      "std": 0.0
    },
    "falling_f1": {
      "mean": 0.701812945984105,
      "std": 0.0
    },
    "ece": {
      "mean": 0.08703590492869531,
      "std": 0.0
    },
    "auprc_falling": {
      "mean": 0.972284723641991,
      "std": 0.0
    },
    "epileptic_fall_f1": {
      "mean": 0.7747747747747747,
      "std": 0.0
    },
    "elderly_fall_f1": {
      "mean": 0.9166666666666667,
      "std": 0.0
    },
    "fall_cantgetup_f1": {
      "mean": 0.8,
      "std": 0.0
    },
    "mutual_misclass": {
      "mean": 0.0,
      "std": 0.0
    }
  },
  "fold_results": [
    {
      "macro_f1": 0.701812945984105,
      "f1_fall": 0.701812945984105,
      "ece": 0.08703590492869531,
      "auprc": 0.8470034719790864,
      "cm": [
        [
          90,
          0,
          0,
          0,
          0,
          11,
          0,
          4
        ],
        [
          18,
          52,
          1,
          0,
          0,
          13,
          9,
          12
        ],
        [
          8,
          1,
          89,
          0,
          0,
          0,
          0,
          7
        ],
        [
          0,
          0,
          0,
          9,
          0,
          0,
          0,
          0
        ],
        [
          0,
          0,
          0,
          6,
          0,
          0,
          0,
          0
        ],
        [
          0,
          0,
          1,
          0,
          0,
          86,
          2,
          16
        ],
        [
          0,
          0,
          0,
          0,
          0,
          3,
          99,
          3
        ],
        [
          1,
          1,
          0,
          0,
          0,
          4,
          1,
          98
        ]
      ],
      "per_class_f1": [
        0.8108108108108107,
        0.6540880503144655,
        0.9081632653061225,
        0.7499999999999999,
        0.0,
        0.7747747747747747,
        0.9166666666666667,
        0.8
      ],
      "falling_f1": 0.701812945984105,
      "falling_auprc": 0.972284723641991,
      "falling_cm": [
        [
          277,
          53
        ],
        [
          4,
          311
        ]
      ],
      "class_names": [
        "Normal_Walk",
        "Shaking",
        "Twitching",
        "Punching",
        "Kicking",
        "Epileptic_Fall",
        "Elderly_Fall",
        "Fall_CantGetUp"
      ]
    }
  ],
  "overlap_stat": {
    "mean": 0.23193547496546926,
    "std": 0.7115200389319738,
    "pairs": [
      [
        0.0,
        1.0
      ],
      [
        0.0,
        2.0
      ],
      [
        0.0,
        3.0
      ],
      [
        0.0,
        4.0
      ],
      [
        0.0,
        5.0
      ],
      [
        0.0,
        6.0
      ],
      [
        0.0,
        7.0
      ],
      [
        1.0,
        2.0
      ],
      [
        1.0,
        3.0
      ],
      [
        1.0,
        4.0
      ],
      [
        1.0,
        5.0
      ],
      [
        1.0,
        6.0
      ],
      [
        1.0,
        7.0
      ],
      [
        2.0,
        3.0
      ],
      [
        2.0,
        4.0
      ],
      [
        2.0,
        5.0
      ],
      [
        2.0,
        6.0
      ],
      [
        2.0,
        7.0
      ],
      [
        3.0,
        4.0
      ],
      [
        3.0,
        5.0
      ],
      [
        3.0,
        6.0
      ],
      [
        3.0,
        7.0
      ],
      [
        4.0,
        5.0
      ],
      [
        4.0,
        6.0
      ],
      [
        4.0,
        7.0
      ],
      [
        5.0,
        6.0
      ],
      [
        5.0,
        7.0
      ],
      [
        6.0,
        7.0
      ]
    ],
    "values": [
      0.9205803192984415,
      0.8138851763947548,
      -0.6166262649612256,
      -0.6166263361794765,
      0.9049412030193518,
      0.8870962289617186,
      0.7981676163025951,
      0.8260326774908326,
      -0.6332501220120801,
      -0.6332500414850447,
      0.8989626131452346,
      0.8924259091903362,
      0.7947372701421014,
      -0.5160462274721718,
      -0.516045855452324,
      0.8489981733181844,
      0.6153912226257761,
      0.957085022043376,
      0.999999999928855,
      -0.600214942775229,
      -0.6242703025203771,
      -0.5107347509484471,
      -0.600214990159459,
      -0.624270552456949,
      -0.5107345282636812,
      0.8226304190107862,
      0.9203171013451928,
      0.5952272615020672
    ]
  },
  "meta": {
    "run_id": "D3-LOSO-V1-20250821-012244-7511c801",
    "phase": "D3",
    "exp": "LOSO",
    "ver": "V1",
    "desc": "LOSO cross-subject evaluation with bilstm",
    "time_start": "2025-08-21T01:22:44",
    "args": {
      "model": "bilstm",
      "protocol": "loso",
      "seed": 3.0,
      "epochs": 100.0,
      "out": "results\\d3\\loso\\loso_bilstm_seed3.json",
      "resume": 0.0,
      "benchmark_path": "benchmarks\\WiFi-CSI-Sensing-Benchmark-main\\Data",
      "files_per_activity": 3.0,
      "output_dir": "results\\d3\\loso",
      "d2_model_path": "",
      "label_ratio": 1.0,
      "transfer_method": "fine_tune",
      "skip_synth_pretrain": 0.0,
      "lr": 0.001,
      "batch_size": 64.0,
      "class_weight": "inv_freq",
      "loso_all_folds": 0.0,
      "patience": 10.0,
      "min_epochs": 20.0,
      "loro_all_folds": 0.0,
      "positive_class": 5.0,
      "amp": 0.0,
      "input_norm": "zscore",
      "norm_eps": 1e-06,
      "source": "synth",
      "target": "real",
      "difficulty": "mid",
      "n_samples": 2000.0,
      "T": 128.0,
      "F": 30.0
    }
  }
}