{
  "protocol": "LOSO",
  "model": "enhanced",
  "seed": 0,
  "aggregate_stats": {
    "macro_f1": {
      "mean": 0.8285770436431449,
      "std": 0.0
    },
    "falling_f1": {
      "mean": 0.8285770436431449,
      "std": 0.0
    },
    "ece": {
      "mean": 0.005037931288466024,
      "std": 0.0
    },
    "auprc_falling": {
      "mean": 0.9999799709578889,
      "std": 0.0
    },
    "epileptic_fall_f1": {
      "mean": 0.9952153110047847,
      "std": 0.0
    },
    "elderly_fall_f1": {
      "mean": 0.9904761904761905,
      "std": 0.0
    },
    "fall_cantgetup_f1": {
      "mean": 0.9857819905213271,
      "std": 0.0
    },
    "mutual_misclass": {
      "mean": 0.0,
      "std": 0.0
    }
  },
  "fold_results": [
    {
      "macro_f1": 0.8285770436431449,
      "f1_fall": 0.8285770436431449,
      "ece": 0.005037931288466024,
      "auprc": 0.997883597883598,
      "cm": [
        [
          105,
          0,
          0,
          0,
          0,
          0,
          0,
          0
        ],
        [
          0,
          105,
          0,
          0,
          0,
          0,
          0,
          0
        ],
        [
          0,
          0,
          104,
          0,
          0,
          0,
          0,
          1
        ],
        [
          0,
          0,
          0,
          9,
          0,
          0,
          0,
          0
        ],
        [
          0,
          0,
          0,
          9,
          0,
          0,
          0,
          0
        ],
        [
          0,
          0,
          1,
          0,
          0,
          104,
          0,
          0
        ],
        [
          0,
          0,
          0,
          0,
          0,
          0,
          104,
          1
        ],
        [
          0,
          0,
          0,
          0,
          0,
          0,
          1,
          104
        ]
      ],
      "per_class_f1": [
        1.0,
        1.0,
        0.9904761904761905,
        0.6666666666666666,
        0.0,
        0.9952153110047847,
        0.9904761904761905,
        0.9857819905213271
      ],
      "falling_f1": 0.8285770436431449,
      "falling_auprc": 0.9999799709578889,
      "falling_cm": [
        [
          332,
          1
        ],
        [
          1,
          314
        ]
      ],
      "class_names": [
        "Normal_Walk",
        "Shaking",
        "Twitching",
        "Punching",
        "Kicking",
        "Epileptic_Fall",
        "Elderly_Fall",
        "Fall_CantGetUp"
      ]
    }
  ],
  "overlap_stat": {
    "mean": -0.12443327642148393,
    "std": 0.3265650190786591,
    "pairs": [
      [
        0.0,
        1.0
      ],
      [
        0.0,
        2.0
      ],
      [
        0.0,
        3.0
      ],
      [
        0.0,
        4.0
      ],
      [
        0.0,
        5.0
      ],
      [
        0.0,
        6.0
      ],
      [
        0.0,
        7.0
      ],
      [
        1.0,
        2.0
      ],
      [
        1.0,
        3.0
      ],
      [
        1.0,
        4.0
      ],
      [
        1.0,
        5.0
      ],
      [
        1.0,
        6.0
      ],
      [
        1.0,
        7.0
      ],
      [
        2.0,
        3.0
      ],
      [
        2.0,
        4.0
      ],
      [
        2.0,
        5.0
      ],
      [
        2.0,
        6.0
      ],
      [
        2.0,
        7.0
      ],
      [
        3.0,
        4.0
      ],
      [
        3.0,
        5.0
      ],
      [
        3.0,
        6.0
      ],
      [
        3.0,
        7.0
      ],
      [
        4.0,
        5.0
      ],
      [
        4.0,
        6.0
      ],
      [
        4.0,
        7.0
      ],
      [
        5.0,
        6.0
      ],
      [
        5.0,
        7.0
      ],
      [
        6.0,
        7.0
      ]
    ],
    "values": [
      0.1226447394871994,
      0.1719843164034954,
      -0.6423776745842319,
      -0.6423769226265205,
      -0.6392704221757721,
      0.13688775902750264,
      0.08552990595787953,
      0.04214588220927709,
      -0.1030081721269389,
      -0.10300726089123315,
      -0.026380088833939462,
      -0.5343873525345402,
      -0.5454553031769074,
      -0.17699180999890127,
      -0.17699301406761367,
      -0.24500689007468368,
      -0.2776716783887038,
      -0.2661078094189464,
      0.9999999999031427,
      0.022206520541917,
      -0.061169730421400885,
      -0.2212442548347667,
      0.02220574964440453,
      -0.061170059130952824,
      -0.22124399670485542,
      -0.06251458438599765,
      -0.2896677269795833,
      0.20830813838012072
    ]
  },
  "meta": {
    "run_id": "D3-LOSO-V1-20250821-004011-9d6e5b5b",
    "phase": "D3",
    "exp": "LOSO",
    "ver": "V1",
    "desc": "LOSO cross-subject evaluation with enhanced",
    "time_start": "2025-08-21T00:40:11",
    "args": {
      "model": "enhanced",
      "protocol": "loso",
      "seed": 0.0,
      "epochs": 100.0,
      "out": "results\\d3\\loso\\loso_enhanced_seed0.json",
      "resume": 0.0,
      "benchmark_path": "benchmarks\\WiFi-CSI-Sensing-Benchmark-main\\Data",
      "files_per_activity": 3.0,
      "output_dir": "results\\d3\\loso",
      "d2_model_path": "",
      "label_ratio": 1.0,
      "transfer_method": "fine_tune",
      "skip_synth_pretrain": 0.0,
      "lr": 0.001,
      "batch_size": 64.0,
      "class_weight": "inv_freq",
      "loso_all_folds": 0.0,
      "patience": 10.0,
      "min_epochs": 20.0,
      "loro_all_folds": 0.0,
      "positive_class": 5.0,
      "amp": 0.0,
      "input_norm": "zscore",
      "norm_eps": 1e-06,
      "source": "synth",
      "target": "real",
      "difficulty": "mid",
      "n_samples": 2000.0,
      "T": 128.0,
      "F": 30.0
    }
  }
}