{
  "protocol": "LOSO",
  "model": "conformer_lite",
  "seed": 4,
  "aggregate_stats": {
    "macro_f1": {
      "mean": 0.149196235554183,
      "std": 0.0
    },
    "falling_f1": {
      "mean": 0.149196235554183,
      "std": 0.0
    },
    "ece": {
      "mean": 0.007594158205875129,
      "std": 0.0
    },
    "auprc_falling": {
      "mean": 0.5470189100019527,
      "std": 0.0
    },
    "epileptic_fall_f1": {
      "mean": 0.23529411764705885,
      "std": 0.0
    },
    "elderly_fall_f1": {
      "mean": 0.0,
      "std": 0.0
    },
    "fall_cantgetup_f1": {
      "mean": 0.0,
      "std": 0.0
    },
    "mutual_misclass": {
      "mean": 0.0,
      "std": 0.0
    }
  },
  "fold_results": [
    {
      "macro_f1": 0.149196235554183,
      "f1_fall": 0.149196235554183,
      "ece": 0.007594158205875129,
      "auprc": 0.21187565157525168,
      "cm": [
        [
          100,
          0,
          0,
          0,
          0,
          5,
          0,
          0
        ],
        [
          41,
          0,
          0,
          0,
          0,
          64,
          0,
          0
        ],
        [
          72,
          0,
          0,
          0,
          0,
          33,
          0,
          0
        ],
        [
          0,
          0,
          0,
          0,
          9,
          0,
          0,
          0
        ],
        [
          0,
          0,
          0,
          0,
          6,
          0,
          0,
          0
        ],
        [
          67,
          0,
          0,
          0,
          0,
          38,
          0,
          0
        ],
        [
          66,
          0,
          0,
          0,
          0,
          39,
          0,
          0
        ],
        [
          66,
          0,
          0,
          0,
          0,
          39,
          0,
          0
        ]
      ],
      "per_class_f1": [
        0.38684719535783363,
        0.0,
        0.0,
        0.0,
        0.5714285714285715,
        0.23529411764705885,
        0.0,
        0.0
      ],
      "falling_f1": 0.149196235554183,
      "falling_auprc": 0.5470189100019527,
      "falling_cm": [
        [
          15,
          315
        ],
        [
          0,
          315
        ]
      ],
      "class_names": [
        "Normal_Walk",
        "Shaking",
        "Twitching",
        "Punching",
        "Kicking",
        "Epileptic_Fall",
        "Elderly_Fall",
        "Fall_CantGetUp"
      ]
    }
  ],
  "overlap_stat": {
    "mean": 0.14296891945019566,
    "std": 0.9896142410243858,
    "pairs": [
      [
        0.0,
        1.0
      ],
      [
        0.0,
        2.0
      ],
      [
        0.0,
        3.0
      ],
      [
        0.0,
        4.0
      ],
      [
        0.0,
        5.0
      ],
      [
        0.0,
        6.0
      ],
      [
        0.0,
        7.0
      ],
      [
        1.0,
        2.0
      ],
      [
        1.0,
        3.0
      ],
      [
        1.0,
        4.0
      ],
      [
        1.0,
        5.0
      ],
      [
        1.0,
        6.0
      ],
      [
        1.0,
        7.0
      ],
      [
        2.0,
        3.0
      ],
      [
        2.0,
        4.0
      ],
      [
        2.0,
        5.0
      ],
      [
        2.0,
        6.0
      ],
      [
        2.0,
        7.0
      ],
      [
        3.0,
        4.0
      ],
      [
        3.0,
        5.0
      ],
      [
        3.0,
        6.0
      ],
      [
        3.0,
        7.0
      ],
      [
        4.0,
        5.0
      ],
      [
        4.0,
        6.0
      ],
      [
        4.0,
        7.0
      ],
      [
        5.0,
        6.0
      ],
      [
        5.0,
        7.0
      ],
      [
        6.0,
        7.0
      ]
    ],
    "values": [
      0.9999998763788744,
      0.9999999998381784,
      -0.9997392924745786,
      -0.9997388761796095,
      0.9999999998381786,
      0.9999999998381788,
      0.9999999998381786,
      0.9999999998381803,
      -0.9997394052880423,
      -0.9997389889882403,
      0.9999999381089509,
      0.9999999381090121,
      0.9999999381089434,
      -0.9997392939620935,
      -0.9997389873845752,
      1.0000000615677902,
      1.0000001232972866,
      0.9999999381085612,
      0.9999999998721923,
      -0.9997394039727345,
      -0.9997394042300785,
      -0.9997394039441407,
      -0.9997390973860296,
      -0.9997389879286781,
      -0.9997389876423085,
      1.000000061567661,
      1.0000000615677294,
      0.9999999381086911
    ]
  },
  "meta": {
    "run_id": "D3-LOSO-V1-20250821-014332-ea6ddc8d",
    "phase": "D3",
    "exp": "LOSO",
    "ver": "V1",
    "desc": "LOSO cross-subject evaluation with conformer_lite",
    "time_start": "2025-08-21T01:43:32",
    "args": {
      "model": "conformer_lite",
      "protocol": "loso",
      "seed": 4.0,
      "epochs": 100.0,
      "out": "results\\d3\\loso\\loso_conformer_lite_seed4.json",
      "resume": 0.0,
      "benchmark_path": "benchmarks\\WiFi-CSI-Sensing-Benchmark-main\\Data",
      "files_per_activity": 3.0,
      "output_dir": "results\\d3\\loso",
      "d2_model_path": "",
      "label_ratio": 1.0,
      "transfer_method": "fine_tune",
      "skip_synth_pretrain": 0.0,
      "lr": 0.001,
      "batch_size": 64.0,
      "class_weight": "inv_freq",
      "loso_all_folds": 0.0,
      "patience": 10.0,
      "min_epochs": 20.0,
      "loro_all_folds": 0.0,
      "positive_class": 5.0,
      "amp": 0.0,
      "input_norm": "zscore",
      "norm_eps": 1e-06,
      "source": "synth",
      "target": "real",
      "difficulty": "mid",
      "n_samples": 2000.0,
      "T": 128.0,
      "F": 30.0
    }
  }
}