{
  "protocol": "LOSO",
  "model": "cnn",
  "seed": 3,
  "aggregate_stats": {
    "macro_f1": {
      "mean": 0.840172739613841,
      "std": 0.0
    },
    "falling_f1": {
      "mean": 0.840172739613841,
      "std": 0.0
    },
    "ece": {
      "mean": 0.005067618503126983,
      "std": 0.0
    },
    "auprc_falling": {
      "mean": 0.9999698928525727,
      "std": 0.0
    },
    "epileptic_fall_f1": {
      "mean": 0.9952606635071091,
      "std": 0.0
    },
    "elderly_fall_f1": {
      "mean": 0.9952606635071091,
      "std": 0.0
    },
    "fall_cantgetup_f1": {
      "mean": 1.0,
      "std": 0.0
    },
    "mutual_misclass": {
      "mean": 0.0,
      "std": 0.0
    }
  },
  "fold_results": [
    {
      "macro_f1": 0.840172739613841,
      "f1_fall": 0.840172739613841,
      "ece": 0.005067618503126983,
      "auprc": 0.9997278747009204,
      "cm": [
        [
          104,
          1,
          0,
          0,
          0,
          0,
          0,
          0
        ],
        [
          0,
          105,
          0,
          0,
          0,
          0,
          0,
          0
        ],
        [
          0,
          0,
          103,
          0,
          0,
          1,
          1,
          0
        ],
        [
          0,
          0,
          0,
          9,
          0,
          0,
          0,
          0
        ],
        [
          0,
          0,
          0,
          6,
          0,
          0,
          0,
          0
        ],
        [
          0,
          0,
          0,
          0,
          0,
          105,
          0,
          0
        ],
        [
          0,
          0,
          0,
          0,
          0,
          0,
          105,
          0
        ],
        [
          0,
          0,
          0,
          0,
          0,
          0,
          0,
          105
        ]
      ],
      "per_class_f1": [
        0.9952153110047847,
        0.9952606635071091,
        0.9903846153846153,
        0.7499999999999999,
        0.0,
        0.9952606635071091,
        0.9952606635071091,
        1.0
      ],
      "falling_f1": 0.840172739613841,
      "falling_auprc": 0.9999698928525727,
      "falling_cm": [
        [
          328,
          2
        ],
        [
          0,
          315
        ]
      ],
      "class_names": [
        "Normal_Walk",
        "Shaking",
        "Twitching",
        "Punching",
        "Kicking",
        "Epileptic_Fall",
        "Elderly_Fall",
        "Fall_CantGetUp"
      ]
    }
  ],
  "overlap_stat": {
    "mean": 0.36133866885808547,
    "std": 0.4114229760887787,
    "pairs": [
      [
        0.0,
        1.0
      ],
      [
        0.0,
        2.0
      ],
      [
        0.0,
        3.0
      ],
      [
        0.0,
        4.0
      ],
      [
        0.0,
        5.0
      ],
      [
        0.0,
        6.0
      ],
      [
        0.0,
        7.0
      ],
      [
        1.0,
        2.0
      ],
      [
        1.0,
        3.0
      ],
      [
        1.0,
        4.0
      ],
      [
        1.0,
        5.0
      ],
      [
        1.0,
        6.0
      ],
      [
        1.0,
        7.0
      ],
      [
        2.0,
        3.0
      ],
      [
        2.0,
        4.0
      ],
      [
        2.0,
        5.0
      ],
      [
        2.0,
        6.0
      ],
      [
        2.0,
        7.0
      ],
      [
        3.0,
        4.0
      ],
      [
        3.0,
        5.0
      ],
      [
        3.0,
        6.0
      ],
      [
        3.0,
        7.0
      ],
      [
        4.0,
        5.0
      ],
      [
        4.0,
        6.0
      ],
      [
        4.0,
        7.0
      ],
      [
        5.0,
        6.0
      ],
      [
        5.0,
        7.0
      ],
      [
        6.0,
        7.0
      ]
    ],
    "values": [
      0.7974550933816432,
      0.8329662562043919,
      -0.14461756007427112,
      -0.1446335084093894,
      0.5722129167631358,
      0.6226237869330405,
      0.6711415303749583,
      0.6840342402740945,
      -0.005422091497590871,
      -0.005436134301007936,
      0.47905845284314735,
      0.5998771391614024,
      0.5475879308789349,
      -0.1295667049076506,
      -0.1295910666418367,
      0.663462420595364,
      0.6407805046993175,
      0.6523374195991292,
      0.9999998109565543,
      -0.07132524629426633,
      -0.05266258515921969,
      -0.17787158156037405,
      -0.07132552132083785,
      -0.052661925334276244,
      -0.17787225486810723,
      0.855886646662208,
      0.8376134113985048,
      0.8234313476693936
    ]
  },
  "meta": {
    "run_id": "D3-LOSO-V1-20250821-010953-5c5de1c5",
    "phase": "D3",
    "exp": "LOSO",
    "ver": "V1",
    "desc": "LOSO cross-subject evaluation with cnn",
    "time_start": "2025-08-21T01:09:53",
    "args": {
      "model": "cnn",
      "protocol": "loso",
      "seed": 3.0,
      "epochs": 100.0,
      "out": "results\\d3\\loso\\loso_cnn_seed3.json",
      "resume": 0.0,
      "benchmark_path": "benchmarks\\WiFi-CSI-Sensing-Benchmark-main\\Data",
      "files_per_activity": 3.0,
      "output_dir": "results\\d3\\loso",
      "d2_model_path": "",
      "label_ratio": 1.0,
      "transfer_method": "fine_tune",
      "skip_synth_pretrain": 0.0,
      "lr": 0.001,
      "batch_size": 64.0,
      "class_weight": "inv_freq",
      "loso_all_folds": 0.0,
      "patience": 10.0,
      "min_epochs": 20.0,
      "loro_all_folds": 0.0,
      "positive_class": 5.0,
      "amp": 0.0,
      "input_norm": "zscore",
      "norm_eps": 1e-06,
      "source": "synth",
      "target": "real",
      "difficulty": "mid",
      "n_samples": 2000.0,
      "T": 128.0,
      "F": 30.0
    }
  }
}